line_i,line_j,zone_id,min_sync_window,max_sync_window,sync_weight,walking_time_between,sync_priority
L01O,L02I,Z005,0,7,2.31,2,high
L01O,L02I,Z009,0,5,0.82,2,medium
L01O,L03O,Z007,0,12,0.91,4,medium
L01O,L03O,Z006,0,5,1.01,2,medium
L01O,L03O,Z002,0,5,1.61,2,high
L01O,L04I,Z011,0,5,0.96,1,medium
L01O,L04I,Z014,0,5,1.05,4,medium
L01O,L04I,Z008,0,5,0.94,3,medium
L01O,L04I,Z003,0,9,2.3,1,high
L01O,L05O,Z009,0,5,1.13,3,medium
L01O,L05O,Z002,0,12,2.26,4,high
L01O,L05O,Z012,0,5,1.05,3,medium
L01O,L05O,Z010,0,7,0.9,3,medium
L01O,L06I,Z009,0,12,1.1,1,medium
L01O,L06I,Z006,0,12,0.83,3,medium
L01O,L07O,Z004,0,5,1.72,3,high
L01O,L07O,Z001,0,12,2.11,1,high
L01O,L08I,Z010,0,5,0.96,1,medium
L01O,L08I,Z007,0,5,1.12,3,medium
L01O,L08I,Z011,0,9,0.99,4,medium
L01O,L09O,Z011,0,12,0.89,4,medium
L01O,L09O,Z008,0,9,0.98,4,medium
L01O,L10I,Z005,0,12,1.73,3,high
L01O,L10I,Z002,0,12,1.64,1,high
L01O,L10I,Z003,0,5,2.36,3,high
L01O,L10I,Z012,0,5,1.01,2,medium
L01O,L11O,Z003,0,9,2.15,1,high
L01O,L11O,Z010,0,7,0.99,4,medium
L01O,L11O,Z009,0,12,1.0,3,medium
L01O,L11O,Z007,0,5,0.95,3,medium
L01O,L12I,Z007,0,7,0.85,2,medium
L01O,L12I,Z001,0,12,1.85,3,high
L01O,L12I,Z004,0,7,2.08,4,high
L01O,L13O,Z003,0,5,2.21,3,high
L01O,L13O,Z002,0,9,1.95,2,high
L01O,L14I,Z006,0,5,0.98,3,medium
L01O,L14I,Z002,0,7,1.99,3,high
L01O,L14I,Z009,0,5,1.2,4,medium
L01O,L15O,Z002,0,12,2.33,3,high
L01O,L15O,Z012,0,12,1.04,2,medium
L01O,L15O,Z013,0,9,0.94,3,medium
L01O,L16I,Z003,0,9,1.97,4,high
L01O,L16I,Z013,0,12,0.99,4,medium
L01O,L16I,Z010,0,7,1.04,2,medium
L01O,L17O,Z014,0,12,1.13,3,medium
L01O,L17O,Z004,0,9,2.06,1,high
L01O,L17O,Z006,0,9,0.88,1,medium
L01O,L18I,Z002,0,7,1.78,3,high
L01O,L18I,Z005,0,12,2.21,2,high
L01O,L19O,Z009,0,7,1.18,3,medium
L01O,L19O,Z013,0,9,1.2,4,medium
L01O,L20I,Z002,0,12,2.35,4,high
L01O,L20I,Z013,0,12,1.12,1,medium
L01O,L20I,Z006,0,12,1.08,3,medium
L01O,L21O,Z014,0,5,0.84,2,medium
L01O,L21O,Z007,0,12,1.07,1,medium
L01O,L21O,Z013,0,9,1.14,4,medium
L01O,L21O,Z001,0,12,1.98,2,high
L01O,L22I,Z004,0,5,2.27,1,high
L01O,L22I,Z005,0,5,1.78,1,high
L01O,L22I,Z001,0,5,1.77,3,high
L01O,L23O,Z012,0,7,1.09,4,medium
L01O,L23O,Z003,0,5,2.24,2,high
L01O,L24I,Z003,0,9,1.82,1,high
L01O,L24I,Z001,0,9,1.68,1,high
L01O,L24I,Z010,0,7,1.11,2,medium
L01O,L25O,Z003,0,9,2.26,3,high
L01O,L25O,Z010,0,9,1.03,2,medium
L01O,L25O,Z012,0,12,1.03,2,medium
L01O,L26I,Z010,0,5,0.96,3,medium
L01O,L26I,Z009,0,5,1.08,2,medium
L01O,L26I,Z007,0,9,0.87,1,medium
L01O,L26I,Z002,0,9,2.13,1,high
L01O,L27O,Z006,0,7,1.18,4,medium
L01O,L27O,Z007,0,12,0.97,3,medium
L01O,L27O,Z014,0,12,0.88,2,medium
L01O,L27O,Z002,0,9,1.9,4,high
L01O,L28I,Z011,0,12,1.07,1,medium
L01O,L28I,Z006,0,5,0.92,4,medium
L01O,L28I,Z010,0,12,1.06,2,medium
L01O,L28I,Z014,0,9,0.93,4,medium
L01O,L29O,Z002,0,7,2.23,1,high
L01O,L29O,Z013,0,12,0.84,2,medium
L01O,L30I,Z014,0,9,0.93,4,medium
L01O,L30I,Z007,0,7,0.91,1,medium
L01O,L30I,Z011,0,9,1.15,2,medium
L01O,L31O,Z005,0,9,1.91,1,high
L01O,L31O,Z014,0,7,0.87,3,medium
L01O,L31O,Z010,0,12,0.93,1,medium
L01O,L32I,Z006,0,5,1.04,4,medium
L01O,L32I,Z002,0,12,1.77,3,high
L01O,L33O,Z006,0,12,0.83,1,medium
L01O,L33O,Z010,0,5,0.89,4,medium
L01O,L33O,Z003,0,9,1.71,2,high
L01O,L33O,Z008,0,5,1.11,1,medium
L01O,L34I,Z002,0,9,2.33,4,high
L01O,L34I,Z006,0,7,0.99,3,medium
L01O,L34I,Z001,0,9,2.17,2,high
L01O,L34I,Z012,0,7,0.86,1,medium
L01O,L35O,Z013,0,7,0.91,2,medium
L01O,L35O,Z004,0,7,1.97,2,high
L01O,L36I,Z009,0,12,1.18,4,medium
L01O,L36I,Z012,0,12,1.18,4,medium
L01O,L36I,Z004,0,12,2.17,2,high
L01O,L37O,Z001,0,12,2.23,3,high
L01O,L37O,Z008,0,5,1.18,3,medium
L01O,L37O,Z004,0,9,2.02,2,high
L01O,L38I,Z006,0,5,1.0,1,medium
L01O,L38I,Z005,0,5,1.61,1,high
L01O,L38I,Z002,0,12,2.34,2,high
L01O,L39O,Z009,0,9,1.16,1,medium
L01O,L39O,Z004,0,7,2.32,2,high
L01O,L39O,Z001,0,12,2.39,2,high
L01O,L39O,Z014,0,9,1.0,1,medium
L01O,L40I,Z009,0,7,1.05,1,medium
L01O,L40I,Z002,0,12,1.91,1,high
L02I,L03O,Z006,0,5,0.81,1,medium
L02I,L03O,Z008,0,7,1.15,1,medium
L02I,L03O,Z010,0,5,1.18,1,medium
L02I,L03O,Z005,0,12,1.95,3,high
L02I,L04I,Z004,0,9,1.98,3,high
L02I,L04I,Z013,0,7,0.88,1,medium
L02I,L05O,Z002,0,12,2.15,4,high
L02I,L05O,Z013,0,12,1.06,3,medium
L02I,L06I,Z014,0,5,0.97,2,medium
L02I,L06I,Z003,0,7,1.64,2,high
L02I,L06I,Z013,0,12,0.89,2,medium
L02I,L07O,Z002,0,5,2.21,2,high
L02I,L07O,Z001,0,7,2.32,1,high
L02I,L08I,Z013,0,9,0.97,2,medium
L02I,L08I,Z002,0,7,1.62,2,high
L02I,L09O,Z002,0,5,2.05,1,high
L02I,L09O,Z005,0,5,2.17,3,high
L02I,L09O,Z007,0,12,1.19,3,medium
L02I,L09O,Z003,0,12,1.73,3,high
L02I,L10I,Z004,0,5,1.71,2,high
L02I,L10I,Z008,0,7,1.07,1,medium
L02I,L10I,Z003,0,9,1.7,1,high
L02I,L10I,Z002,0,12,2.14,1,high
L02I,L11O,Z007,0,7,1.08,2,medium
L02I,L11O,Z008,0,7,0.98,4,medium
L02I,L11O,Z005,0,12,2.16,3,high
L02I,L11O,Z009,0,7,1.02,1,medium
L02I,L12I,Z002,0,7,2.25,3,high
L02I,L12I,Z013,0,12,1.05,2,medium
L02I,L12I,Z009,0,12,1.13,1,medium
L02I,L12I,Z004,0,5,1.66,2,high
L02I,L13O,Z010,0,9,0.88,4,medium
L02I,L13O,Z005,0,5,2.35,1,high
L02I,L13O,Z009,0,5,1.15,1,medium
L02I,L13O,Z012,0,7,0.9,1,medium
L02I,L14I,Z012,0,9,0.85,3,medium
L02I,L14I,Z008,0,9,1.11,1,medium
L02I,L14I,Z013,0,12,1.2,4,medium
L02I,L15O,Z003,0,5,1.75,4,high
L02I,L15O,Z012,0,5,0.88,1,medium
L02I,L15O,Z007,0,12,0.83,3,medium
L02I,L16I,Z004,0,12,1.84,2,high
L02I,L16I,Z007,0,12,1.04,4,medium
L02I,L16I,Z005,0,9,2.12,2,high
L02I,L17O,Z007,0,7,1.15,1,medium
L02I,L17O,Z014,0,9,0.84,2,medium
L02I,L18I,Z007,0,5,1.03,1,medium
L02I,L18I,Z012,0,5,0.98,1,medium
L02I,L19O,Z005,0,9,2.25,3,high
L02I,L19O,Z013,0,9,1.13,3,medium
L02I,L19O,Z014,0,5,0.98,3,medium
L02I,L20I,Z006,0,12,0.81,3,medium
L02I,L20I,Z014,0,5,0.89,1,medium
L02I,L21O,Z013,0,9,1.0,3,medium
L02I,L21O,Z009,0,5,1.11,3,medium
L02I,L21O,Z004,0,7,2.01,3,high
L02I,L21O,Z005,0,12,2.39,4,high
L02I,L22I,Z003,0,5,1.63,3,high
L02I,L22I,Z005,0,5,1.93,2,high
L02I,L22I,Z002,0,9,2.11,2,high
L02I,L22I,Z008,0,7,1.0,2,medium
L02I,L23O,Z001,0,12,1.77,1,high
L02I,L23O,Z007,0,9,1.09,2,medium
L02I,L23O,Z011,0,7,0.96,2,medium
L02I,L23O,Z003,0,7,1.69,1,high
L02I,L24I,Z013,0,12,1.17,3,medium
L02I,L24I,Z006,0,12,1.02,1,medium
L02I,L25O,Z003,0,7,1.82,4,high
L02I,L25O,Z001,0,5,1.85,1,high
L02I,L26I,Z011,0,9,0.97,3,medium
L02I,L26I,Z008,0,7,0.92,3,medium
L02I,L27O,Z010,0,7,1.02,2,medium
L02I,L27O,Z003,0,5,1.93,4,high
L02I,L28I,Z006,0,9,0.96,3,medium
L02I,L28I,Z008,0,7,0.89,4,medium
L02I,L28I,Z005,0,12,2.09,1,high
L02I,L29O,Z011,0,5,1.15,2,medium
L02I,L29O,Z006,0,5,1.01,1,medium
L02I,L30I,Z006,0,7,1.0,1,medium
L02I,L30I,Z004,0,5,1.61,1,high
L02I,L31O,Z012,0,12,0.88,4,medium
L02I,L31O,Z002,0,9,1.83,3,high
L02I,L31O,Z007,0,7,1.0,3,medium
L02I,L31O,Z013,0,7,0.96,3,medium
L02I,L32I,Z013,0,12,1.14,4,medium
L02I,L32I,Z007,0,5,1.19,2,medium
L02I,L32I,Z001,0,7,2.01,2,high
L02I,L32I,Z012,0,9,0.89,1,medium
L02I,L33O,Z001,0,9,2.17,3,high
L02I,L33O,Z002,0,7,1.77,2,high
L02I,L33O,Z005,0,12,1.99,4,high
L02I,L33O,Z007,0,9,1.12,1,medium
L02I,L34I,Z007,0,5,0.88,4,medium
L02I,L34I,Z003,0,5,1.91,4,high
L02I,L34I,Z001,0,5,1.88,2,high
L02I,L34I,Z013,0,5,0.86,4,medium
L02I,L35O,Z014,0,5,1.09,4,medium
L02I,L35O,Z001,0,12,2.07,1,high
L02I,L35O,Z008,0,12,1.04,2,medium
L02I,L35O,Z011,0,7,1.15,2,medium
L02I,L36I,Z005,0,9,2.11,1,high
L02I,L36I,Z008,0,7,0.91,4,medium
L02I,L36I,Z004,0,5,2.16,1,high
L02I,L36I,Z013,0,9,1.04,2,medium
L02I,L37O,Z003,0,12,1.62,3,high
L02I,L37O,Z009,0,7,0.81,1,medium
L02I,L37O,Z001,0,12,1.79,1,high
L02I,L38I,Z004,0,7,2.17,2,high
L02I,L38I,Z001,0,12,2.26,4,high
L02I,L38I,Z003,0,9,2.35,3,high
L02I,L39O,Z008,0,7,0.93,4,medium
L02I,L39O,Z014,0,5,0.89,2,medium
L02I,L40I,Z006,0,5,1.03,1,medium
L02I,L40I,Z010,0,12,1.2,3,medium
L02I,L40I,Z011,0,9,0.98,2,medium
L02I,L40I,Z005,0,5,1.91,4,high
L03O,L04I,Z004,0,7,2.24,4,high
L03O,L04I,Z006,0,7,1.04,3,medium
L03O,L04I,Z012,0,12,0.98,2,medium
L03O,L04I,Z001,0,9,2.14,2,high
L03O,L05O,Z014,0,9,1.1,3,medium
L03O,L05O,Z008,0,12,0.97,4,medium
L03O,L05O,Z004,0,12,1.63,2,high
L03O,L05O,Z002,0,9,1.96,2,high
L03O,L06I,Z011,0,5,0.86,1,medium
L03O,L06I,Z005,0,5,1.82,4,high
L03O,L06I,Z012,0,7,1.03,4,medium
L03O,L07O,Z002,0,9,2.15,3,high
L03O,L07O,Z014,0,5,1.12,4,medium
L03O,L07O,Z009,0,9,0.85,3,medium
L03O,L07O,Z005,0,12,1.77,1,high
L03O,L08I,Z006,0,5,0.83,3,medium
L03O,L08I,Z003,0,7,1.66,4,high
L03O,L08I,Z002,0,7,1.78,4,high
L03O,L08I,Z012,0,7,0.91,2,medium
L03O,L09O,Z006,0,12,0.94,1,medium
L03O,L09O,Z001,0,5,1.65,1,high
L03O,L09O,Z007,0,7,1.12,3,medium
L03O,L09O,Z002,0,7,1.87,3,high
L03O,L10I,Z009,0,5,0.98,3,medium
L03O,L10I,Z001,0,9,1.92,3,high
L03O,L10I,Z010,0,7,0.91,2,medium
L03O,L10I,Z004,0,5,1.75,1,high
L03O,L11O,Z014,0,5,1.0,4,medium
L03O,L11O,Z013,0,5,1.0,4,medium
L03O,L11O,Z002,0,7,2.27,3,high
L03O,L12I,Z013,0,7,1.03,1,medium
L03O,L12I,Z014,0,12,1.0,3,medium
L03O,L13O,Z001,0,9,1.75,2,high
L03O,L13O,Z011,0,12,0.91,1,medium
L03O,L13O,Z003,0,7,2.38,4,high
L03O,L14I,Z004,0,5,1.8,1,high
L03O,L14I,Z008,0,7,1.01,3,medium
L03O,L14I,Z014,0,7,1.1,1,medium
L03O,L15O,Z013,0,12,0.99,2,medium
L03O,L15O,Z007,0,9,0.82,2,medium
L03O,L15O,Z005,0,12,1.77,2,high
L03O,L15O,Z003,0,9,2.33,3,high
L03O,L16I,Z003,0,7,2.26,1,high
L03O,L16I,Z013,0,9,0.81,1,medium
L03O,L17O,Z006,0,12,1.17,3,medium
L03O,L17O,Z012,0,5,1.12,3,medium
L03O,L17O,Z014,0,7,0.89,4,medium
L03O,L17O,Z013,0,9,0.99,1,medium
L03O,L18I,Z013,0,5,0.88,2,medium
L03O,L18I,Z010,0,5,1.14,4,medium
L03O,L18I,Z004,0,9,2.34,2,high
L03O,L19O,Z002,0,9,1.84,4,high
L03O,L19O,Z013,0,9,1.05,3,medium
L03O,L19O,Z010,0,5,1.06,4,medium
L03O,L20I,Z011,0,7,0.98,2,medium
L03O,L20I,Z010,0,12,1.02,4,medium
L03O,L20I,Z009,0,9,0.97,3,medium
L03O,L21O,Z007,0,9,0.84,4,medium
L03O,L21O,Z013,0,12,1.04,4,medium
L03O,L21O,Z005,0,9,2.37,1,high
L03O,L22I,Z012,0,7,1.18,1,medium
L03O,L22I,Z007,0,9,0.98,1,medium
L03O,L22I,Z001,0,5,1.8,3,high
L03O,L22I,Z005,0,7,2.28,2,high
L03O,L23O,Z012,0,5,1.13,1,medium
L03O,L23O,Z005,0,7,1.99,4,high
L03O,L23O,Z014,0,7,1.07,2,medium
L03O,L23O,Z011,0,7,0.85,3,medium
L03O,L24I,Z007,0,9,1.17,4,medium
L03O,L24I,Z002,0,9,2.05,3,high
L03O,L24I,Z011,0,12,1.16,2,medium
L03O,L25O,Z011,0,7,0.89,1,medium
L03O,L25O,Z012,0,9,1.04,1,medium
L03O,L25O,Z003,0,12,1.63,2,high
L03O,L26I,Z003,0,9,2.38,1,high
L03O,L26I,Z001,0,12,1.88,3,high
L03O,L26I,Z006,0,9,0.82,4,medium
L03O,L26I,Z002,0,5,1.97,4,high
L03O,L27O,Z012,0,5,0.93,2,medium
L03O,L27O,Z004,0,5,1.67,1,high
L03O,L28I,Z010,0,7,1.07,1,medium
L03O,L28I,Z011,0,7,0.81,1,medium
L03O,L28I,Z009,0,7,0.96,2,medium
L03O,L29O,Z013,0,9,0.94,4,medium
L03O,L29O,Z011,0,9,0.96,4,medium
L03O,L29O,Z010,0,12,1.13,1,medium
L03O,L29O,Z005,0,5,1.9,3,high
L03O,L30I,Z014,0,12,1.16,4,medium
L03O,L30I,Z002,0,5,1.78,4,high
L03O,L30I,Z013,0,5,1.08,3,medium
L03O,L31O,Z006,0,5,0.91,2,medium
L03O,L31O,Z001,0,7,1.85,2,high
L03O,L31O,Z012,0,5,1.11,3,medium
L03O,L32I,Z009,0,7,0.9,2,medium
L03O,L32I,Z003,0,9,1.99,4,high
L03O,L32I,Z001,0,5,1.85,4,high
L03O,L33O,Z014,0,7,1.13,3,medium
L03O,L33O,Z002,0,7,1.71,2,high
L03O,L33O,Z005,0,12,2.1,1,high
L03O,L34I,Z004,0,5,1.78,3,high
L03O,L34I,Z005,0,12,2.04,2,high
L03O,L34I,Z012,0,5,0.86,1,medium
L03O,L34I,Z011,0,12,0.97,1,medium
L03O,L35O,Z008,0,9,0.89,1,medium
L03O,L35O,Z011,0,5,1.18,3,medium
L03O,L35O,Z002,0,9,1.81,2,high
L03O,L36I,Z013,0,7,1.11,3,medium
L03O,L36I,Z004,0,9,1.8,2,high
L03O,L36I,Z007,0,12,0.95,4,medium
L03O,L37O,Z003,0,9,2.24,1,high
L03O,L37O,Z013,0,5,0.89,1,medium
L03O,L37O,Z001,0,12,2.34,4,high
L03O,L37O,Z005,0,12,1.96,1,high
L03O,L38I,Z001,0,9,2.02,3,high
L03O,L38I,Z002,0,5,2.06,4,high
L03O,L38I,Z008,0,5,1.1,4,medium
L03O,L38I,Z003,0,5,1.72,2,high
L03O,L39O,Z008,0,9,1.06,1,medium
L03O,L39O,Z001,0,12,2.31,4,high
L03O,L39O,Z011,0,9,0.92,3,medium
L03O,L39O,Z007,0,9,0.96,2,medium
L03O,L40I,Z007,0,12,0.91,2,medium
L03O,L40I,Z008,0,5,1.2,2,medium
L03O,L40I,Z012,0,9,1.2,3,medium
L03O,L40I,Z001,0,7,2.24,4,high
L04I,L05O,Z012,0,12,1.06,3,medium
L04I,L05O,Z006,0,5,0.97,4,medium
L04I,L05O,Z001,0,5,1.7,1,high
L04I,L05O,Z011,0,12,1.04,3,medium
L04I,L06I,Z010,0,9,1.19,3,medium
L04I,L06I,Z009,0,9,1.14,4,medium
L04I,L06I,Z003,0,9,2.14,1,high
L04I,L07O,Z007,0,5,1.05,1,medium
L04I,L07O,Z003,0,7,1.77,1,high
L04I,L07O,Z009,0,7,0.85,2,medium
L04I,L08I,Z003,0,7,1.61,4,high
L04I,L08I,Z005,0,5,1.81,4,high
L04I,L09O,Z007,0,9,1.16,4,medium
L04I,L09O,Z005,0,12,2.05,4,high
L04I,L09O,Z010,0,5,0.83,2,medium
L04I,L09O,Z009,0,5,1.04,2,medium
L04I,L10I,Z003,0,5,2.27,4,high
L04I,L10I,Z002,0,7,2.06,3,high
L04I,L10I,Z001,0,12,2.21,4,high
L04I,L11O,Z002,0,9,2.05,3,high
L04I,L11O,Z010,0,7,0.85,4,medium
L04I,L11O,Z001,0,5,2.27,3,high
L04I,L11O,Z012,0,12,1.06,1,medium
L04I,L12I,Z006,0,7,1.02,4,medium
L04I,L12I,Z009,0,5,1.18,3,medium
L04I,L12I,Z002,0,5,2.01,2,high
L04I,L12I,Z012,0,9,1.02,2,medium
L04I,L13O,Z002,0,9,2.38,3,high
L04I,L13O,Z010,0,5,0.84,4,medium
L04I,L13O,Z014,0,9,1.16,3,medium
L04I,L14I,Z014,0,9,0.85,4,medium
L04I,L14I,Z007,0,5,0.9,3,medium
L04I,L15O,Z007,0,12,0.85,2,medium
L04I,L15O,Z001,0,7,1.69,2,high
L04I,L15O,Z013,0,9,1.03,4,medium
L04I,L15O,Z002,0,5,1.67,3,high
L04I,L16I,Z009,0,12,1.16,4,medium
L04I,L16I,Z005,0,12,2.07,2,high
L04I,L16I,Z001,0,9,1.89,3,high
L04I,L16I,Z008,0,9,0.99,1,medium
L04I,L17O,Z013,0,7,0.93,2,medium
L04I,L17O,Z002,0,12,1.92,1,high
L04I,L17O,Z004,0,9,1.96,3,high
L04I,L18I,Z012,0,9,1.06,1,medium
L04I,L18I,Z008,0,9,0.98,2,medium
L04I,L18I,Z011,0,12,0.96,3,medium
L04I,L19O,Z007,0,7,1.09,1,medium
L04I,L19O,Z001,0,7,1.76,2,high
L04I,L19O,Z012,0,7,0.9,4,medium
L04I,L20I,Z003,0,9,2.16,4,high
L04I,L20I,Z007,0,5,0.82,2,medium
L04I,L21O,Z007,0,7,0.87,1,medium
L04I,L21O,Z001,0,12,2.05,3,high
L04I,L22I,Z008,0,7,0.92,3,medium
L04I,L22I,Z013,0,9,1.07,3,medium
L04I,L22I,Z009,0,7,1.2,2,medium
L04I,L22I,Z002,0,5,1.92,4,high
L04I,L23O,Z006,0,5,0.81,1,medium
L04I,L23O,Z008,0,5,1.03,1,medium
L04I,L23O,Z010,0,9,1.04,3,medium
L04I,L24I,Z010,0,7,0.98,3,medium
L04I,L24I,Z008,0,7,0.91,2,medium
L04I,L25O,Z014,0,9,1.04,4,medium
L04I,L25O,Z012,0,9,1.05,1,medium
L04I,L26I,Z004,0,9,1.95,3,high
L04I,L26I,Z001,0,9,1.75,4,high
L04I,L26I,Z014,0,5,0.95,2,medium
L04I,L27O,Z009,0,5,1.02,4,medium
L04I,L27O,Z005,0,5,2.4,1,high
L04I,L27O,Z001,0,12,1.81,1,high
L04I,L27O,Z011,0,5,1.17,3,medium
L04I,L28I,Z007,0,12,0.98,2,medium
L04I,L28I,Z013,0,12,1.19,4,medium
L04I,L28I,Z012,0,7,1.1,2,medium
L04I,L29O,Z012,0,7,1.07,3,medium
L04I,L29O,Z014,0,5,0.82,4,medium
L04I,L30I,Z006,0,12,0.87,3,medium
L04I,L30I,Z007,0,7,1.07,3,medium
L04I,L30I,Z010,0,5,0.99,3,medium
L04I,L30I,Z011,0,12,0.83,2,medium
L04I,L31O,Z014,0,9,1.1,2,medium
L04I,L31O,Z010,0,9,0.81,3,medium
L04I,L31O,Z001,0,7,2.25,4,high
L04I,L31O,Z004,0,12,2.19,1,high
L04I,L32I,Z013,0,7,0.82,4,medium
L04I,L32I,Z014,0,12,1.11,1,medium
L04I,L32I,Z006,0,7,0.8,3,medium
L04I,L32I,Z008,0,9,1.03,2,medium
L04I,L33O,Z004,0,9,1.88,3,high
L04I,L33O,Z012,0,5,1.06,3,medium
L04I,L34I,Z001,0,9,2.16,1,high
L04I,L34I,Z005,0,5,2.24,2,high
L04I,L34I,Z010,0,12,1.04,1,medium
L04I,L34I,Z004,0,5,1.71,1,high
L04I,L35O,Z014,0,7,0.81,2,medium
L04I,L35O,Z007,0,7,1.18,3,medium
L04I,L35O,Z004,0,5,1.98,4,high
L04I,L36I,Z010,0,7,1.16,2,medium
L04I,L36I,Z006,0,5,1.12,3,medium
L04I,L36I,Z014,0,5,1.1,3,medium
L04I,L36I,Z011,0,5,1.03,3,medium
L04I,L37O,Z013,0,5,0.83,3,medium
L04I,L37O,Z003,0,9,1.74,2,high
L04I,L38I,Z003,0,12,1.81,3,high
L04I,L38I,Z013,0,9,1.02,1,medium
L04I,L39O,Z010,0,9,1.16,2,medium
L04I,L39O,Z007,0,5,0.88,1,medium
L04I,L39O,Z014,0,12,0.94,4,medium
L04I,L39O,Z011,0,12,0.82,3,medium
L04I,L40I,Z003,0,5,2.21,1,high
L04I,L40I,Z001,0,9,2.37,4,high
L04I,L40I,Z004,0,9,1.7,2,high
L05O,L06I,Z001,0,12,2.11,2,high
L05O,L06I,Z004,0,9,1.61,2,high
L05O,L07O,Z005,0,9,1.62,1,high
L05O,L07O,Z011,0,5,1.16,2,medium
L05O,L07O,Z002,0,12,2.25,2,high
L05O,L07O,Z013,0,12,1.04,3,medium
L05O,L08I,Z008,0,7,0.93,1,medium
L05O,L08I,Z012,0,7,1.06,2,medium
L05O,L08I,Z005,0,9,1.7,2,high
L05O,L09O,Z001,0,12,1.85,3,high
L05O,L09O,Z002,0,9,1.71,1,high
L05O,L09O,Z014,0,5,1.1,4,medium
L05O,L09O,Z004,0,7,1.8,3,high
L05O,L10I,Z012,0,5,0.88,4,medium
L05O,L10I,Z009,0,5,1.0,3,medium
L05O,L10I,Z002,0,5,1.97,1,high
L05O,L10I,Z005,0,12,2.26,4,high
L05O,L11O,Z011,0,9,1.07,4,medium
L05O,L11O,Z005,0,9,1.82,3,high
L05O,L11O,Z009,0,7,1.18,1,medium
L05O,L11O,Z013,0,7,1.11,4,medium
L05O,L12I,Z011,0,5,0.97,2,medium
L05O,L12I,Z006,0,12,0.96,2,medium
L05O,L13O,Z011,0,5,0.91,3,medium
L05O,L13O,Z007,0,7,1.17,3,medium
L05O,L14I,Z002,0,7,1.78,1,high
L05O,L14I,Z013,0,9,1.17,4,medium
L05O,L14I,Z011,0,7,1.1,3,medium
L05O,L15O,Z003,0,9,1.9,4,high
L05O,L15O,Z013,0,5,1.09,1,medium
L05O,L16I,Z014,0,5,1.07,1,medium
L05O,L16I,Z003,0,7,2.3,2,high
L05O,L16I,Z010,0,9,1.07,2,medium
L05O,L16I,Z013,0,7,1.01,4,medium
L05O,L17O,Z003,0,12,2.29,1,high
L05O,L17O,Z005,0,5,2.03,1,high
L05O,L17O,Z011,0,9,0.93,2,medium
L05O,L17O,Z004,0,9,1.7,2,high
L05O,L18I,Z005,0,7,1.95,3,high
L05O,L18I,Z002,0,12,2.25,3,high
L05O,L18I,Z004,0,5,2.03,1,high
L05O,L18I,Z011,0,9,0.94,2,medium
L05O,L19O,Z014,0,7,0.88,4,medium
L05O,L19O,Z005,0,5,2.04,1,high
L05O,L19O,Z002,0,5,2.36,3,high
L05O,L19O,Z004,0,5,2.29,4,high
L05O,L20I,Z012,0,12,1.04,4,medium
L05O,L20I,Z005,0,9,2.3,1,high
L05O,L20I,Z009,0,12,1.1,4,medium
L05O,L20I,Z007,0,9,1.04,2,medium
L05O,L21O,Z009,0,7,0.83,2,medium
L05O,L21O,Z011,0,7,0.97,3,medium
L05O,L21O,Z003,0,9,1.82,3,high
L05O,L22I,Z009,0,7,0.84,3,medium
L05O,L22I,Z014,0,7,0.95,2,medium
L05O,L22I,Z002,0,5,1.87,3,high
L05O,L22I,Z006,0,9,0.88,2,medium
L05O,L23O,Z004,0,12,2.34,2,high
L05O,L23O,Z008,0,9,1.13,2,medium
L05O,L24I,Z005,0,9,2.21,4,high
L05O,L24I,Z006,0,5,0.88,3,medium
L05O,L25O,Z008,0,5,1.04,3,medium
L05O,L25O,Z005,0,5,1.91,1,high
L05O,L25O,Z003,0,12,1.72,4,high
L05O,L26I,Z010,0,7,1.19,4,medium
L05O,L26I,Z003,0,7,2.19,1,high
L05O,L27O,Z014,0,7,1.1,3,medium
L05O,L27O,Z003,0,12,2.36,4,high
L05O,L27O,Z011,0,12,1.04,3,medium
L05O,L28I,Z014,0,12,1.05,4,medium
L05O,L28I,Z009,0,5,0.88,1,medium
L05O,L29O,Z004,0,12,2.24,1,high
L05O,L29O,Z005,0,7,2.1,2,high
L05O,L29O,Z002,0,12,2.24,1,high
L05O,L30I,Z011,0,7,1.02,2,medium
L05O,L30I,Z012,0,7,0.92,2,medium
L05O,L30I,Z003,0,5,1.99,3,high
L05O,L31O,Z006,0,7,0.98,2,medium
L05O,L31O,Z003,0,5,1.76,4,high
L05O,L31O,Z007,0,12,0.82,1,medium
L05O,L31O,Z005,0,9,1.79,3,high
L05O,L32I,Z001,0,12,2.12,2,high
L05O,L32I,Z005,0,5,2.32,2,high
L05O,L33O,Z002,0,5,2.22,3,high
L05O,L33O,Z010,0,5,0.87,4,medium
L05O,L33O,Z001,0,9,1.73,3,high
L05O,L34I,Z011,0,5,0.97,2,medium
L05O,L34I,Z007,0,9,1.09,4,medium
L05O,L35O,Z004,0,7,1.73,2,high
L05O,L35O,Z014,0,5,1.05,4,medium
L05O,L35O,Z005,0,7,2.18,2,high
L05O,L36I,Z014,0,12,1.01,2,medium
L05O,L36I,Z012,0,5,1.12,4,medium
L05O,L37O,Z009,0,5,0.93,2,medium
L05O,L37O,Z001,0,7,1.63,4,high
L05O,L38I,Z005,0,7,2.09,2,high
L05O,L38I,Z004,0,9,1.99,3,high
L05O,L38I,Z009,0,7,0.83,1,medium
L05O,L39O,Z008,0,5,1.09,3,medium
L05O,L39O,Z005,0,12,2.36,2,high
L05O,L39O,Z006,0,7,0.84,1,medium
L05O,L40I,Z012,0,12,1.2,2,medium
L05O,L40I,Z007,0,7,1.03,1,medium
L05O,L40I,Z009,0,9,0.91,1,medium
L06I,L07O,Z008,0,5,0.99,1,medium
L06I,L07O,Z009,0,12,1.04,2,medium
L06I,L07O,Z013,0,7,0.9,1,medium
L06I,L08I,Z013,0,12,0.83,1,medium
L06I,L08I,Z005,0,9,2.35,4,high
L06I,L08I,Z006,0,12,0.85,4,medium
L06I,L08I,Z001,0,7,2.21,4,high
L06I,L09O,Z007,0,9,1.07,4,medium
L06I,L09O,Z009,0,12,0.92,3,medium
L06I,L09O,Z006,0,12,0.86,2,medium
L06I,L09O,Z003,0,5,1.77,4,high
L06I,L10I,Z002,0,7,1.63,4,high
L06I,L10I,Z010,0,7,1.13,4,medium
L06I,L10I,Z004,0,5,1.67,4,high
L06I,L11O,Z013,0,12,1.13,3,medium
L06I,L11O,Z001,0,7,1.94,1,high
L06I,L12I,Z004,0,9,1.76,2,high
L06I,L12I,Z011,0,12,1.17,4,medium
L06I,L13O,Z008,0,9,1.06,2,medium
L06I,L13O,Z006,0,5,1.04,1,medium
L06I,L14I,Z009,0,12,1.03,2,medium
L06I,L14I,Z011,0,7,0.86,1,medium
L06I,L15O,Z005,0,9,2.01,3,high
L06I,L15O,Z012,0,12,0.92,3,medium
L06I,L15O,Z003,0,7,2.29,1,high
L06I,L16I,Z014,0,12,0.83,3,medium
L06I,L16I,Z010,0,5,0.97,3,medium
L06I,L16I,Z005,0,12,1.76,3,high
L06I,L17O,Z006,0,7,0.85,4,medium
L06I,L17O,Z013,0,12,1.11,1,medium
L06I,L17O,Z009,0,12,0.89,4,medium
L06I,L18I,Z014,0,7,0.9,3,medium
L06I,L18I,Z009,0,12,1.08,1,medium
L06I,L19O,Z003,0,12,2.08,2,high
L06I,L19O,Z004,0,9,1.62,4,high
L06I,L20I,Z007,0,9,1.05,3,medium
L06I,L20I,Z006,0,12,1.18,3,medium
L06I,L20I,Z003,0,12,1.96,2,high
L06I,L21O,Z010,0,7,1.03,1,medium
L06I,L21O,Z009,0,12,0.86,3,medium
L06I,L22I,Z009,0,9,1.12,1,medium
L06I,L22I,Z008,0,7,1.18,4,medium
L06I,L23O,Z014,0,9,1.15,2,medium
L06I,L23O,Z005,0,9,1.79,3,high
L06I,L23O,Z008,0,12,0.84,4,medium
L06I,L23O,Z007,0,7,0.85,2,medium
L06I,L24I,Z006,0,12,1.13,3,medium
L06I,L24I,Z010,0,5,1.16,4,medium
L06I,L25O,Z002,0,5,1.79,3,high
L06I,L25O,Z009,0,9,0.87,3,medium
L06I,L26I,Z009,0,7,0.9,1,medium
L06I,L26I,Z006,0,9,1.09,4,medium
L06I,L26I,Z008,0,9,1.04,2,medium
L06I,L27O,Z005,0,9,1.7,1,high
L06I,L27O,Z001,0,7,1.69,3,high
L06I,L28I,Z014,0,7,1.01,4,medium
L06I,L28I,Z011,0,7,1.11,3,medium
L06I,L29O,Z013,0,9,0.88,4,medium
L06I,L29O,Z004,0,9,1.62,2,high
L06I,L29O,Z001,0,5,1.97,3,high
L06I,L30I,Z009,0,5,0.91,3,medium
L06I,L30I,Z008,0,5,1.09,1,medium
L06I,L30I,Z012,0,9,1.0,1,medium
L06I,L30I,Z013,0,12,1.15,4,medium
L06I,L31O,Z007,0,7,1.14,3,medium
L06I,L31O,Z002,0,7,2.15,4,high
L06I,L31O,Z010,0,5,0.82,1,medium
L06I,L31O,Z001,0,7,1.61,4,high
L06I,L32I,Z001,0,12,2.33,3,high
L06I,L32I,Z005,0,9,1.64,1,high
L06I,L32I,Z002,0,5,2.06,1,high
L06I,L33O,Z004,0,12,2.04,4,high
L06I,L33O,Z014,0,7,0.98,3,medium
L06I,L33O,Z007,0,9,0.98,1,medium
L06I,L34I,Z014,0,5,0.92,2,medium
L06I,L34I,Z011,0,7,0.92,4,medium
L06I,L34I,Z003,0,7,2.1,3,high
L06I,L35O,Z003,0,5,1.95,3,high
L06I,L35O,Z009,0,12,1.02,2,medium
L06I,L36I,Z009,0,12,0.84,3,medium
L06I,L36I,Z008,0,12,1.15,1,medium
L06I,L36I,Z011,0,12,1.05,3,medium
L06I,L36I,Z005,0,7,1.69,3,high
L06I,L37O,Z001,0,9,2.06,4,high
L06I,L37O,Z008,0,5,1.14,2,medium
L06I,L37O,Z013,0,9,0.97,2,medium
L06I,L38I,Z014,0,7,1.19,3,medium
L06I,L38I,Z012,0,12,1.13,2,medium
L06I,L38I,Z009,0,9,1.06,3,medium
L06I,L38I,Z005,0,9,2.12,3,high
L06I,L39O,Z014,0,5,0.97,4,medium
L06I,L39O,Z005,0,7,2.34,2,high
L06I,L40I,Z013,0,5,1.1,2,medium
L06I,L40I,Z009,0,7,0.92,2,medium
L06I,L40I,Z011,0,12,0.94,3,medium
L07O,L08I,Z014,0,7,0.97,2,medium
L07O,L08I,Z009,0,5,1.15,4,medium
L07O,L08I,Z011,0,5,1.02,4,medium
L07O,L08I,Z006,0,7,0.84,3,medium
L07O,L09O,Z003,0,12,2.3,1,high
L07O,L09O,Z012,0,7,0.96,3,medium
L07O,L09O,Z006,0,9,0.96,1,medium
L07O,L10I,Z004,0,5,2.1,4,high
L07O,L10I,Z013,0,12,1.1,1,medium
L07O,L10I,Z008,0,7,0.88,4,medium
L07O,L11O,Z008,0,5,1.13,1,medium
L07O,L11O,Z013,0,7,1.05,2,medium
L07O,L12I,Z011,0,5,0.81,1,medium
L07O,L12I,Z003,0,7,1.77,3,high
L07O,L12I,Z014,0,7,1.11,4,medium
L07O,L13O,Z006,0,9,0.86,1,medium
L07O,L13O,Z002,0,7,2.07,3,high
L07O,L13O,Z005,0,7,1.85,3,high
L07O,L14I,Z005,0,9,2.33,3,high
L07O,L14I,Z008,0,5,1.16,1,medium
L07O,L15O,Z006,0,7,0.84,1,medium
L07O,L15O,Z013,0,9,0.84,2,medium
L07O,L15O,Z003,0,9,2.24,4,high
L07O,L15O,Z001,0,9,1.7,3,high
L07O,L16I,Z003,0,7,1.78,4,high
L07O,L16I,Z007,0,12,0.82,3,medium
L07O,L17O,Z004,0,12,2.14,3,high
L07O,L17O,Z009,0,5,1.19,3,medium
L07O,L17O,Z002,0,7,1.79,4,high
L07O,L17O,Z011,0,7,0.84,3,medium
L07O,L18I,Z009,0,5,1.18,2,medium
L07O,L18I,Z010,0,5,1.05,4,medium
L07O,L18I,Z008,0,12,1.15,2,medium
L07O,L18I,Z012,0,5,0.8,2,medium
L07O,L19O,Z013,0,9,0.96,2,medium
L07O,L19O,Z012,0,7,0.84,1,medium
L07O,L19O,Z005,0,7,2.33,3,high
L07O,L20I,Z003,0,5,2.38,1,high
L07O,L20I,Z012,0,7,0.87,2,medium
L07O,L20I,Z013,0,9,0.84,4,medium
L07O,L21O,Z011,0,9,1.19,3,medium
L07O,L21O,Z005,0,9,1.83,1,high
L07O,L22I,Z014,0,5,1.1,2,medium
L07O,L22I,Z001,0,9,1.7,2,high
L07O,L22I,Z003,0,9,1.84,3,high
L07O,L23O,Z012,0,7,0.97,1,medium
L07O,L23O,Z011,0,12,0.84,2,medium
L07O,L23O,Z003,0,12,2.3,3,high
L07O,L24I,Z010,0,5,0.94,4,medium
L07O,L24I,Z006,0,12,1.08,3,medium
L07O,L24I,Z013,0,12,1.05,3,medium
L07O,L25O,Z013,0,7,0.87,4,medium
L07O,L25O,Z011,0,5,0.98,1,medium
L07O,L25O,Z004,0,5,2.06,1,high
L07O,L26I,Z009,0,5,1.2,2,medium
L07O,L26I,Z008,0,12,0.99,2,medium
L07O,L26I,Z004,0,7,2.33,2,high
L07O,L27O,Z014,0,7,0.99,2,medium
L07O,L27O,Z003,0,9,2.35,2,high
L07O,L27O,Z013,0,7,1.16,4,medium
L07O,L28I,Z010,0,7,1.08,2,medium
L07O,L28I,Z014,0,9,1.01,3,medium
L07O,L28I,Z006,0,7,1.19,2,medium
L07O,L28I,Z013,0,9,0.91,1,medium
L07O,L29O,Z013,0,12,1.05,2,medium
L07O,L29O,Z012,0,12,0.83,2,medium
L07O,L29O,Z011,0,5,0.9,4,medium
L07O,L29O,Z006,0,12,0.96,4,medium
L07O,L30I,Z011,0,7,1.14,4,medium
L07O,L30I,Z004,0,7,2.38,2,high
L07O,L30I,Z005,0,7,2.19,4,high
L07O,L30I,Z014,0,5,0.85,2,medium
L07O,L31O,Z004,0,12,1.63,4,high
L07O,L31O,Z008,0,5,1.07,3,medium
L07O,L31O,Z011,0,12,0.94,3,medium
L07O,L32I,Z013,0,7,1.02,1,medium
L07O,L32I,Z014,0,9,1.06,1,medium
L07O,L32I,Z004,0,9,2.37,3,high
L07O,L32I,Z011,0,9,0.86,2,medium
L07O,L33O,Z013,0,9,1.13,4,medium
L07O,L33O,Z008,0,7,0.85,1,medium
L07O,L34I,Z002,0,9,2.11,2,high
L07O,L34I,Z014,0,5,1.03,3,medium
L07O,L34I,Z012,0,5,0.81,2,medium
L07O,L35O,Z007,0,12,0.92,2,medium
L07O,L35O,Z003,0,9,2.37,4,high
L07O,L35O,Z009,0,12,1.11,4,medium
L07O,L35O,Z011,0,9,0.98,4,medium
L07O,L36I,Z003,0,7,2.29,2,high
L07O,L36I,Z006,0,5,0.85,4,medium
L07O,L36I,Z009,0,9,0.86,2,medium
L07O,L37O,Z004,0,5,1.92,3,high
L07O,L37O,Z010,0,5,1.0,1,medium
L07O,L38I,Z012,0,9,1.04,2,medium
L07O,L38I,Z010,0,12,1.02,2,medium
L07O,L38I,Z004,0,7,2.22,3,high
L07O,L39O,Z009,0,12,0.91,4,medium
L07O,L39O,Z011,0,5,1.0,3,medium
L07O,L39O,Z002,0,12,2.18,1,high
L07O,L39O,Z005,0,12,2.13,2,high
L07O,L40I,Z010,0,7,1.13,2,medium
L07O,L40I,Z009,0,7,0.87,3,medium
L07O,L40I,Z014,0,7,0.97,3,medium
L07O,L40I,Z003,0,9,1.83,4,high
L08I,L09O,Z007,0,5,1.08,4,medium
L08I,L09O,Z009,0,9,1.2,4,medium
L08I,L10I,Z002,0,9,1.9,3,high
L08I,L10I,Z009,0,5,1.02,2,medium
L08I,L10I,Z011,0,12,0.81,3,medium
L08I,L11O,Z013,0,5,1.1,2,medium
L08I,L11O,Z005,0,7,1.62,2,high
L08I,L11O,Z001,0,9,2.39,3,high
L08I,L12I,Z009,0,9,1.07,1,medium
L08I,L12I,Z006,0,12,1.17,4,medium
L08I,L12I,Z010,0,7,1.09,1,medium
L08I,L12I,Z002,0,12,1.65,4,high
L08I,L13O,Z010,0,7,1.01,3,medium
L08I,L13O,Z014,0,12,0.87,1,medium
L08I,L14I,Z011,0,12,0.88,4,medium
L08I,L14I,Z005,0,9,1.6,2,high
L08I,L14I,Z010,0,7,0.86,2,medium
L08I,L15O,Z004,0,12,1.99,2,high
L08I,L15O,Z009,0,7,1.12,4,medium
L08I,L16I,Z009,0,9,0.81,1,medium
L08I,L16I,Z014,0,7,0.94,4,medium
L08I,L16I,Z003,0,12,2.25,3,high
L08I,L17O,Z013,0,9,0.95,2,medium
L08I,L17O,Z009,0,12,0.86,4,medium
L08I,L17O,Z003,0,9,1.94,3,high
L08I,L17O,Z007,0,9,1.07,3,medium
L08I,L18I,Z004,0,5,1.97,3,high
L08I,L18I,Z011,0,9,0.93,4,medium
L08I,L18I,Z006,0,7,0.96,3,medium
L08I,L19O,Z007,0,12,1.0,2,medium
L08I,L19O,Z004,0,7,1.68,4,high
L08I,L19O,Z002,0,12,2.11,2,high
L08I,L19O,Z014,0,7,1.17,2,medium
L08I,L20I,Z012,0,12,1.1,3,medium
L08I,L20I,Z009,0,12,0.88,4,medium
L08I,L21O,Z005,0,7,2.29,1,high
L08I,L21O,Z014,0,9,0.94,3,medium
L08I,L22I,Z012,0,9,1.12,1,medium
L08I,L22I,Z004,0,5,2.02,4,high
L08I,L22I,Z013,0,7,0.91,1,medium
L08I,L23O,Z007,0,5,0.97,4,medium
L08I,L23O,Z008,0,7,1.07,1,medium
L08I,L24I,Z005,0,7,2.2,4,high
L08I,L24I,Z002,0,5,1.75,4,high
L08I,L24I,Z008,0,5,0.91,4,medium
L08I,L24I,Z007,0,9,1.06,3,medium
L08I,L25O,Z008,0,12,0.8,3,medium
L08I,L25O,Z014,0,9,1.11,2,medium
L08I,L25O,Z010,0,12,0.98,1,medium
L08I,L26I,Z005,0,7,2.07,3,high
L08I,L26I,Z011,0,9,0.87,3,medium
L08I,L27O,Z002,0,5,2.26,4,high
L08I,L27O,Z014,0,7,1.16,1,medium
L08I,L28I,Z002,0,7,1.94,4,high
L08I,L28I,Z004,0,5,2.18,1,high
L08I,L29O,Z006,0,5,1.03,4,medium
L08I,L29O,Z009,0,5,1.06,4,medium
L08I,L29O,Z003,0,12,1.62,2,high
L08I,L30I,Z006,0,7,1.12,2,medium
L08I,L30I,Z003,0,7,2.31,4,high
L08I,L31O,Z003,0,9,1.8,1,high
L08I,L31O,Z007,0,12,0.83,2,medium
L08I,L31O,Z010,0,9,1.07,3,medium
L08I,L31O,Z004,0,5,2.36,1,high
L08I,L32I,Z001,0,12,1.94,3,high
L08I,L32I,Z010,0,7,1.04,2,medium
L08I,L32I,Z009,0,9,0.84,2,medium
L08I,L33O,Z013,0,9,0.91,4,medium
L08I,L33O,Z012,0,12,0.82,4,medium
L08I,L33O,Z005,0,9,1.66,3,high
L08I,L34I,Z005,0,12,2.03,4,high
L08I,L34I,Z008,0,5,1.09,3,medium
L08I,L35O,Z007,0,9,0.96,1,medium
L08I,L35O,Z009,0,5,1.19,1,medium
L08I,L35O,Z014,0,12,0.95,1,medium
L08I,L36I,Z002,0,9,1.88,1,high
L08I,L36I,Z006,0,9,0.88,1,medium
L08I,L36I,Z014,0,12,0.81,3,medium
L08I,L36I,Z005,0,9,2.28,2,high
L08I,L37O,Z006,0,5,1.2,4,medium
L08I,L37O,Z008,0,12,1.13,2,medium
L08I,L38I,Z004,0,9,1.97,3,high
L08I,L38I,Z012,0,12,0.88,1,medium
L08I,L39O,Z006,0,12,1.1,1,medium
L08I,L39O,Z014,0,5,0.99,1,medium
L08I,L40I,Z013,0,7,1.03,1,medium
L08I,L40I,Z003,0,12,1.88,4,high
L08I,L40I,Z006,0,5,1.02,1,medium
L08I,L40I,Z010,0,9,0.97,3,medium
L09O,L10I,Z002,0,9,2.35,3,high
L09O,L10I,Z010,0,7,0.83,2,medium
L09O,L10I,Z003,0,7,1.93,3,high
L09O,L10I,Z007,0,5,0.82,2,medium
L09O,L11O,Z002,0,5,1.96,1,high
L09O,L11O,Z007,0,5,1.18,4,medium
L09O,L12I,Z007,0,5,0.81,2,medium
L09O,L12I,Z005,0,7,2.18,4,high
L09O,L12I,Z001,0,5,1.9,2,high
L09O,L12I,Z012,0,12,1.09,4,medium
L09O,L13O,Z011,0,12,1.02,3,medium
L09O,L13O,Z009,0,9,0.96,4,medium
L09O,L13O,Z005,0,9,2.13,2,high
L09O,L14I,Z001,0,9,1.67,3,high
L09O,L14I,Z006,0,9,0.91,4,medium
L09O,L15O,Z003,0,7,1.72,2,high
L09O,L15O,Z014,0,7,1.09,1,medium
L09O,L15O,Z005,0,7,1.89,3,high
L09O,L16I,Z003,0,7,1.88,2,high
L09O,L16I,Z011,0,12,0.9,4,medium
L09O,L16I,Z001,0,12,1.71,1,high
L09O,L17O,Z011,0,5,0.81,3,medium
L09O,L17O,Z004,0,7,1.88,3,high
L09O,L18I,Z009,0,12,1.1,4,medium
L09O,L18I,Z014,0,9,0.92,2,medium
L09O,L18I,Z008,0,7,1.13,1,medium
L09O,L18I,Z007,0,12,1.02,4,medium
L09O,L19O,Z010,0,5,1.16,2,medium
L09O,L19O,Z012,0,5,0.81,4,medium
L09O,L20I,Z014,0,5,0.8,3,medium
L09O,L20I,Z013,0,12,1.18,1,medium
L09O,L20I,Z005,0,7,1.69,4,high
L09O,L21O,Z006,0,7,1.01,3,medium
L09O,L21O,Z002,0,9,1.74,4,high
L09O,L21O,Z013,0,5,0.87,2,medium
L09O,L21O,Z014,0,9,1.17,1,medium
L09O,L22I,Z004,0,12,1.86,4,high
L09O,L22I,Z012,0,5,1.15,2,medium
L09O,L23O,Z001,0,5,1.99,1,high
L09O,L23O,Z004,0,9,1.85,1,high
L09O,L23O,Z013,0,12,1.15,1,medium
L09O,L24I,Z014,0,12,1.18,4,medium
L09O,L24I,Z008,0,5,0.84,1,medium
L09O,L24I,Z003,0,7,1.65,3,high
L09O,L25O,Z004,0,9,1.61,4,high
L09O,L25O,Z006,0,12,0.99,1,medium
L09O,L25O,Z007,0,5,0.89,2,medium
L09O,L26I,Z001,0,12,1.77,4,high
L09O,L26I,Z008,0,5,0.96,4,medium
L09O,L26I,Z004,0,7,1.67,1,high
L09O,L27O,Z008,0,7,1.1,2,medium
L09O,L27O,Z010,0,5,0.93,3,medium
L09O,L27O,Z001,0,7,1.85,1,high
L09O,L28I,Z013,0,12,1.05,3,medium
L09O,L28I,Z014,0,7,0.89,1,medium
L09O,L29O,Z013,0,5,1.09,4,medium
L09O,L29O,Z005,0,7,1.86,3,high
L09O,L29O,Z003,0,5,1.98,2,high
L09O,L29O,Z006,0,12,0.99,2,medium
L09O,L30I,Z013,0,5,1.14,3,medium
L09O,L30I,Z005,0,7,2.13,1,high
L09O,L31O,Z010,0,5,0.89,3,medium
L09O,L31O,Z003,0,12,1.63,3,high
L09O,L31O,Z005,0,9,1.81,3,high
L09O,L31O,Z012,0,7,0.89,1,medium
L09O,L32I,Z001,0,12,1.68,2,high
L09O,L32I,Z002,0,12,2.29,3,high
L09O,L32I,Z008,0,5,1.14,4,medium
L09O,L33O,Z007,0,5,0.82,4,medium
L09O,L33O,Z001,0,5,1.91,2,high
L09O,L33O,Z010,0,7,0.92,1,medium
L09O,L33O,Z003,0,5,2.03,4,high
L09O,L34I,Z006,0,9,1.07,3,medium
L09O,L34I,Z005,0,7,2.36,3,high
L09O,L34I,Z010,0,7,0.96,3,medium
L09O,L34I,Z009,0,12,1.06,3,medium
L09O,L35O,Z002,0,7,2.26,2,high
L09O,L35O,Z005,0,12,1.63,2,high
L09O,L35O,Z012,0,7,1.01,4,medium
L09O,L36I,Z012,0,5,0.9,2,medium
L09O,L36I,Z003,0,7,2.34,2,high
L09O,L37O,Z013,0,5,1.11,1,medium
L09O,L37O,Z005,0,12,1.9,3,high
L09O,L37O,Z004,0,9,1.6,4,high
L09O,L37O,Z006,0,7,0.88,3,medium
L09O,L38I,Z011,0,12,1.1,2,medium
L09O,L38I,Z004,0,12,2.25,3,high
L09O,L39O,Z006,0,5,0.98,4,medium
L09O,L39O,Z005,0,7,1.81,4,high
L09O,L39O,Z011,0,12,1.02,4,medium
L09O,L39O,Z002,0,5,2.23,1,high
L09O,L40I,Z013,0,5,1.17,3,medium
L09O,L40I,Z010,0,5,1.0,2,medium
L09O,L40I,Z005,0,12,2.24,2,high
L09O,L40I,Z011,0,7,1.16,2,medium
L10I,L11O,Z005,0,12,1.95,4,high
L10I,L11O,Z001,0,7,1.66,2,high
L10I,L12I,Z009,0,9,0.81,4,medium
L10I,L12I,Z003,0,9,2.09,3,high
L10I,L13O,Z006,0,5,0.82,2,medium
L10I,L13O,Z005,0,9,2.31,4,high
L10I,L13O,Z008,0,12,0.88,4,medium
L10I,L14I,Z013,0,9,0.96,3,medium
L10I,L14I,Z003,0,5,2.01,4,high
L10I,L14I,Z001,0,12,2.24,1,high
L10I,L14I,Z011,0,9,1.08,4,medium
L10I,L15O,Z009,0,5,0.93,3,medium
L10I,L15O,Z005,0,7,1.83,2,high
L10I,L15O,Z007,0,12,1.07,3,medium
L10I,L15O,Z004,0,9,1.99,2,high
L10I,L16I,Z006,0,9,1.1,2,medium
L10I,L16I,Z008,0,7,0.98,1,medium
L10I,L16I,Z011,0,12,1.11,1,medium
L10I,L16I,Z002,0,12,2.37,2,high
L10I,L17O,Z007,0,9,1.08,3,medium
L10I,L17O,Z013,0,5,1.14,2,medium
L10I,L17O,Z001,0,7,1.81,4,high
L10I,L18I,Z004,0,7,1.77,2,high
L10I,L18I,Z006,0,5,0.89,4,medium
L10I,L19O,Z012,0,12,1.02,1,medium
L10I,L19O,Z014,0,7,1.0,1,medium
L10I,L20I,Z001,0,9,2.01,2,high
L10I,L20I,Z008,0,5,1.17,2,medium
L10I,L20I,Z010,0,5,0.9,3,medium
L10I,L20I,Z012,0,9,0.95,2,medium
L10I,L21O,Z013,0,5,1.18,3,medium
L10I,L21O,Z010,0,9,1.18,2,medium
L10I,L21O,Z011,0,5,0.85,1,medium
L10I,L21O,Z005,0,7,2.32,4,high
L10I,L22I,Z006,0,9,0.95,1,medium
L10I,L22I,Z013,0,9,1.08,2,medium
L10I,L23O,Z014,0,7,0.87,4,medium
L10I,L23O,Z001,0,5,1.95,3,high
L10I,L23O,Z010,0,7,1.17,3,medium
L10I,L24I,Z014,0,7,0.8,4,medium
L10I,L24I,Z012,0,9,0.83,3,medium
L10I,L24I,Z007,0,9,0.95,2,medium
L10I,L25O,Z003,0,5,2.21,3,high
L10I,L25O,Z011,0,5,1.03,2,medium
L10I,L25O,Z013,0,5,0.86,1,medium
L10I,L25O,Z006,0,5,0.88,2,medium
L10I,L26I,Z003,0,7,2.38,1,high
L10I,L26I,Z002,0,9,1.99,1,high
L10I,L27O,Z005,0,5,1.98,1,high
L10I,L27O,Z012,0,7,0.86,2,medium
L10I,L27O,Z003,0,9,2.22,3,high
L10I,L28I,Z003,0,12,2.16,2,high
L10I,L28I,Z005,0,9,1.76,2,high
L10I,L28I,Z010,0,5,1.1,3,medium
L10I,L28I,Z007,0,12,1.03,4,medium
L10I,L29O,Z010,0,12,0.96,2,medium
L10I,L29O,Z002,0,9,1.99,1,high
L10I,L30I,Z004,0,12,1.73,1,high
L10I,L30I,Z010,0,7,0.83,3,medium
L10I,L30I,Z001,0,7,1.74,2,high
L10I,L30I,Z002,0,7,2.16,3,high
L10I,L31O,Z010,0,5,0.84,3,medium
L10I,L31O,Z003,0,7,2.02,4,high
L10I,L32I,Z002,0,9,1.94,4,high
L10I,L32I,Z011,0,7,1.19,3,medium
L10I,L32I,Z013,0,7,1.07,3,medium
L10I,L32I,Z012,0,9,0.84,4,medium
L10I,L33O,Z011,0,5,1.08,3,medium
L10I,L33O,Z013,0,7,0.96,1,medium
L10I,L33O,Z004,0,9,1.77,4,high
L10I,L33O,Z009,0,9,1.19,3,medium
L10I,L34I,Z009,0,9,0.87,4,medium
L10I,L34I,Z006,0,12,1.09,4,medium
L10I,L35O,Z008,0,7,1.07,2,medium
L10I,L35O,Z006,0,5,0.98,1,medium
L10I,L35O,Z002,0,7,1.77,4,high
L10I,L35O,Z009,0,5,1.16,1,medium
L10I,L36I,Z014,0,9,1.14,1,medium
L10I,L36I,Z005,0,9,1.73,1,high
L10I,L36I,Z007,0,9,0.88,2,medium
L10I,L36I,Z008,0,5,0.98,2,medium
L10I,L37O,Z012,0,5,0.82,4,medium
L10I,L37O,Z008,0,12,1.02,2,medium
L10I,L37O,Z014,0,5,1.13,3,medium
L10I,L37O,Z002,0,7,2.16,1,high
L10I,L38I,Z007,0,7,1.09,3,medium
L10I,L38I,Z010,0,9,1.09,1,medium
L10I,L39O,Z007,0,12,1.14,4,medium
L10I,L39O,Z014,0,5,0.83,1,medium
L10I,L40I,Z006,0,7,1.07,3,medium
L10I,L40I,Z003,0,7,2.31,1,high
L11O,L12I,Z003,0,5,1.65,3,high
L11O,L12I,Z012,0,7,1.0,3,medium
L11O,L13O,Z006,0,9,1.13,2,medium
L11O,L13O,Z007,0,9,0.98,4,medium
L11O,L13O,Z004,0,12,1.63,4,high
L11O,L14I,Z008,0,7,0.98,1,medium
L11O,L14I,Z007,0,7,1.18,4,medium
L11O,L14I,Z014,0,9,0.84,2,medium
L11O,L15O,Z012,0,12,0.81,1,medium
L11O,L15O,Z007,0,12,0.94,3,medium
L11O,L15O,Z006,0,9,0.96,3,medium
L11O,L16I,Z007,0,9,1.17,3,medium
L11O,L16I,Z010,0,12,1.05,1,medium
L11O,L17O,Z013,0,5,0.98,1,medium
L11O,L17O,Z008,0,9,0.82,4,medium
L11O,L17O,Z003,0,7,2.4,1,high
L11O,L17O,Z007,0,9,1.12,4,medium
L11O,L18I,Z006,0,7,1.14,3,medium
L11O,L18I,Z004,0,12,2.22,3,high
L11O,L18I,Z001,0,7,2.24,2,high
L11O,L18I,Z013,0,9,0.92,4,medium
L11O,L19O,Z007,0,5,1.09,1,medium
L11O,L19O,Z002,0,5,2.14,4,high
L11O,L20I,Z005,0,9,2.34,2,high
L11O,L20I,Z010,0,5,0.85,3,medium
L11O,L21O,Z003,0,7,2.22,2,high
L11O,L21O,Z011,0,5,1.16,3,medium
L11O,L21O,Z008,0,5,1.12,1,medium
L11O,L22I,Z003,0,7,1.82,4,high
L11O,L22I,Z013,0,5,1.08,4,medium
L11O,L23O,Z006,0,5,0.82,3,medium
L11O,L23O,Z003,0,9,2.02,3,high
L11O,L24I,Z009,0,9,1.15,3,medium
L11O,L24I,Z013,0,9,0.85,3,medium
L11O,L24I,Z012,0,9,1.14,4,medium
L11O,L24I,Z004,0,12,1.81,1,high
L11O,L25O,Z013,0,9,0.84,1,medium
L11O,L25O,Z001,0,7,1.95,2,high
L11O,L26I,Z004,0,12,1.69,4,high
L11O,L26I,Z001,0,5,2.34,2,high
L11O,L26I,Z014,0,12,0.97,1,medium
L11O,L27O,Z007,0,5,1.17,3,medium
L11O,L27O,Z005,0,9,2.13,2,high
L11O,L27O,Z013,0,12,1.04,1,medium
L11O,L27O,Z009,0,12,1.09,4,medium
L11O,L28I,Z003,0,5,2.31,2,high
L11O,L28I,Z008,0,5,1.03,2,medium
L11O,L28I,Z005,0,7,2.37,2,high
L11O,L28I,Z006,0,7,1.02,4,medium
L11O,L29O,Z010,0,9,1.0,1,medium
L11O,L29O,Z005,0,7,1.8,4,high
L11O,L29O,Z004,0,5,1.87,3,high
L11O,L29O,Z014,0,7,0.94,3,medium
L11O,L30I,Z007,0,9,0.94,2,medium
L11O,L30I,Z011,0,5,0.81,1,medium
L11O,L30I,Z005,0,9,2.04,4,high
L11O,L31O,Z005,0,5,1.63,4,high
L11O,L31O,Z002,0,5,2.39,1,high
L11O,L32I,Z014,0,12,0.95,3,medium
L11O,L32I,Z006,0,12,1.05,3,medium
L11O,L32I,Z008,0,5,0.83,3,medium
L11O,L32I,Z011,0,12,1.18,2,medium
L11O,L33O,Z008,0,12,0.85,3,medium
L11O,L33O,Z002,0,12,1.63,1,high
L11O,L33O,Z014,0,9,1.06,3,medium
L11O,L33O,Z012,0,5,1.16,4,medium
L11O,L34I,Z006,0,5,0.81,2,medium
L11O,L34I,Z001,0,7,2.16,3,high
L11O,L35O,Z004,0,12,2.1,2,high
L11O,L35O,Z009,0,12,1.19,2,medium
L11O,L35O,Z013,0,7,0.94,3,medium
L11O,L35O,Z006,0,5,0.8,4,medium
L11O,L36I,Z010,0,5,0.82,2,medium
L11O,L36I,Z011,0,7,0.98,1,medium
L11O,L36I,Z012,0,12,1.16,3,medium
L11O,L36I,Z004,0,5,2.26,4,high
L11O,L37O,Z013,0,7,1.0,3,medium
L11O,L37O,Z014,0,5,1.15,2,medium
L11O,L37O,Z006,0,5,0.89,3,medium
L11O,L37O,Z010,0,9,1.12,4,medium
L11O,L38I,Z002,0,9,1.6,4,high
L11O,L38I,Z001,0,5,2.14,3,high
L11O,L39O,Z002,0,12,2.11,2,high
L11O,L39O,Z010,0,9,1.05,4,medium
L11O,L40I,Z009,0,9,0.99,3,medium
L11O,L40I,Z002,0,12,2.11,1,high
L12I,L13O,Z012,0,9,1.08,2,medium
L12I,L13O,Z006,0,9,1.13,4,medium
L12I,L14I,Z002,0,5,2.15,1,high
L12I,L14I,Z003,0,7,2.35,1,high
L12I,L14I,Z001,0,9,1.67,1,high
L12I,L15O,Z004,0,7,1.76,1,high
L12I,L15O,Z014,0,9,1.08,4,medium
L12I,L15O,Z006,0,12,0.98,2,medium
L12I,L16I,Z010,0,7,1.05,3,medium
L12I,L16I,Z007,0,12,0.92,2,medium
L12I,L17O,Z005,0,9,1.63,1,high
L12I,L17O,Z003,0,7,1.96,1,high
L12I,L18I,Z005,0,9,2.27,4,high
L12I,L18I,Z003,0,7,1.93,4,high
L12I,L18I,Z011,0,9,0.96,1,medium
L12I,L18I,Z001,0,12,1.78,4,high
L12I,L19O,Z007,0,7,1.01,3,medium
L12I,L19O,Z004,0,5,1.97,2,high
L12I,L19O,Z014,0,7,1.16,3,medium
L12I,L19O,Z013,0,12,1.1,1,medium
L12I,L20I,Z005,0,5,1.89,4,high
L12I,L20I,Z002,0,12,2.11,2,high
L12I,L20I,Z010,0,12,1.14,4,medium
L12I,L20I,Z012,0,12,0.97,3,medium
L12I,L21O,Z006,0,7,1.09,2,medium
L12I,L21O,Z011,0,5,0.93,1,medium
L12I,L21O,Z013,0,7,1.02,4,medium
L12I,L21O,Z003,0,9,2.03,2,high
L12I,L22I,Z010,0,7,0.82,4,medium
L12I,L22I,Z006,0,7,1.15,4,medium
L12I,L23O,Z014,0,12,1.13,2,medium
L12I,L23O,Z001,0,12,1.91,4,high
L12I,L23O,Z009,0,9,1.12,3,medium
L12I,L24I,Z013,0,7,0.93,2,medium
L12I,L24I,Z011,0,9,0.93,3,medium
L12I,L24I,Z001,0,12,2.08,4,high
L12I,L25O,Z008,0,5,0.81,2,medium
L12I,L25O,Z010,0,5,1.03,2,medium
L12I,L25O,Z002,0,5,1.98,4,high
L12I,L26I,Z012,0,9,0.92,3,medium
L12I,L26I,Z013,0,9,0.95,3,medium
L12I,L26I,Z008,0,9,1.07,4,medium
L12I,L27O,Z014,0,5,0.97,1,medium
L12I,L27O,Z009,0,5,0.95,3,medium
L12I,L27O,Z005,0,7,1.64,3,high
L12I,L27O,Z001,0,7,1.95,3,high
L12I,L28I,Z009,0,5,1.09,1,medium
L12I,L28I,Z006,0,12,0.84,3,medium
L12I,L29O,Z004,0,7,1.62,2,high
L12I,L29O,Z013,0,5,1.08,2,medium
L12I,L30I,Z004,0,5,1.9,1,high
L12I,L30I,Z002,0,7,1.8,4,high
L12I,L30I,Z013,0,5,0.82,2,medium
L12I,L31O,Z009,0,5,1.09,2,medium
L12I,L31O,Z012,0,5,0.88,3,medium
L12I,L31O,Z014,0,5,1.16,1,medium
L12I,L31O,Z006,0,7,1.02,2,medium
L12I,L32I,Z010,0,12,0.9,2,medium
L12I,L32I,Z003,0,5,1.68,2,high
L12I,L32I,Z002,0,7,1.6,2,high
L12I,L32I,Z012,0,7,1.06,2,medium
L12I,L33O,Z001,0,7,2.1,1,high
L12I,L33O,Z008,0,12,1.14,4,medium
L12I,L34I,Z001,0,9,1.61,3,high
L12I,L34I,Z010,0,12,0.95,4,medium
L12I,L35O,Z011,0,7,0.93,1,medium
L12I,L35O,Z012,0,9,1.15,3,medium
L12I,L36I,Z006,0,5,1.13,2,medium
L12I,L36I,Z013,0,9,1.18,2,medium
L12I,L36I,Z001,0,7,1.77,1,high
L12I,L37O,Z014,0,9,0.91,1,medium
L12I,L37O,Z002,0,7,2.08,2,high
L12I,L37O,Z004,0,12,1.84,3,high
L12I,L37O,Z011,0,5,1.1,4,medium
L12I,L38I,Z013,0,12,1.16,4,medium
L12I,L38I,Z002,0,12,1.97,2,high
L12I,L38I,Z014,0,7,1.05,2,medium
L12I,L38I,Z003,0,5,1.95,2,high
L12I,L39O,Z006,0,12,0.99,1,medium
L12I,L39O,Z012,0,5,1.1,3,medium
L12I,L40I,Z003,0,9,2.31,1,high
L12I,L40I,Z006,0,7,1.01,1,medium
L12I,L40I,Z014,0,12,1.14,4,medium
L13O,L14I,Z013,0,9,0.96,3,medium
L13O,L14I,Z011,0,7,1.03,2,medium
L13O,L14I,Z008,0,7,0.87,3,medium
L13O,L15O,Z005,0,12,1.67,3,high
L13O,L15O,Z009,0,5,0.84,3,medium
L13O,L15O,Z006,0,9,1.09,1,medium
L13O,L15O,Z011,0,12,1.08,2,medium
L13O,L16I,Z003,0,5,1.79,3,high
L13O,L16I,Z001,0,12,1.9,1,high
L13O,L16I,Z010,0,12,1.19,3,medium
L13O,L16I,Z004,0,9,1.96,4,high
L13O,L17O,Z010,0,7,0.85,4,medium
L13O,L17O,Z001,0,12,1.69,1,high
L13O,L17O,Z002,0,5,1.85,1,high
L13O,L18I,Z002,0,12,1.93,2,high
L13O,L18I,Z001,0,9,1.77,1,high
L13O,L19O,Z007,0,12,0.86,1,medium
L13O,L19O,Z004,0,7,1.91,1,high
L13O,L20I,Z002,0,9,1.84,2,high
L13O,L20I,Z011,0,9,0.89,2,medium
L13O,L21O,Z003,0,9,1.85,3,high
L13O,L21O,Z002,0,12,1.71,4,high
L13O,L22I,Z013,0,12,1.02,3,medium
L13O,L22I,Z006,0,5,0.93,4,medium
L13O,L23O,Z002,0,7,1.96,3,high
L13O,L23O,Z003,0,7,1.64,4,high
L13O,L23O,Z007,0,12,0.97,1,medium
L13O,L23O,Z009,0,7,0.91,3,medium
L13O,L24I,Z009,0,12,0.96,1,medium
L13O,L24I,Z014,0,12,1.19,3,medium
L13O,L25O,Z014,0,7,1.15,4,medium
L13O,L25O,Z006,0,12,1.07,2,medium
L13O,L26I,Z011,0,5,0.97,2,medium
L13O,L26I,Z002,0,7,2.14,3,high
L13O,L26I,Z003,0,7,2.07,3,high
L13O,L26I,Z001,0,9,2.26,1,high
L13O,L27O,Z012,0,5,1.18,1,medium
L13O,L27O,Z006,0,7,0.87,3,medium
L13O,L27O,Z003,0,7,1.82,2,high
L13O,L27O,Z001,0,5,1.81,1,high
L13O,L28I,Z014,0,5,0.99,3,medium
L13O,L28I,Z006,0,7,1.11,1,medium
L13O,L28I,Z007,0,9,1.07,3,medium
L13O,L29O,Z010,0,5,1.09,3,medium
L13O,L29O,Z002,0,7,1.72,4,high
L13O,L29O,Z013,0,5,0.96,3,medium
L13O,L29O,Z003,0,9,1.8,1,high
L13O,L30I,Z010,0,9,1.06,1,medium
L13O,L30I,Z013,0,5,1.14,4,medium
L13O,L30I,Z006,0,5,1.19,2,medium
L13O,L31O,Z004,0,5,1.83,3,high
L13O,L31O,Z014,0,12,1.12,2,medium
L13O,L31O,Z011,0,9,1.04,3,medium
L13O,L32I,Z006,0,5,0.88,3,medium
L13O,L32I,Z003,0,7,1.78,2,high
L13O,L32I,Z007,0,7,0.95,1,medium
L13O,L33O,Z001,0,9,2.17,3,high
L13O,L33O,Z009,0,9,0.9,2,medium
L13O,L33O,Z012,0,9,1.18,2,medium
L13O,L33O,Z007,0,9,1.0,2,medium
L13O,L34I,Z002,0,12,2.08,2,high
L13O,L34I,Z006,0,7,1.03,4,medium
L13O,L34I,Z009,0,7,0.83,1,medium
L13O,L34I,Z012,0,9,0.88,4,medium
L13O,L35O,Z007,0,12,0.94,2,medium
L13O,L35O,Z014,0,12,1.11,1,medium
L13O,L35O,Z009,0,7,1.1,1,medium
L13O,L36I,Z007,0,12,1.08,1,medium
L13O,L36I,Z001,0,12,2.0,1,high
L13O,L36I,Z004,0,12,2.2,3,high
L13O,L36I,Z014,0,12,0.96,4,medium
L13O,L37O,Z005,0,12,1.94,3,high
L13O,L37O,Z003,0,12,1.73,2,high
L13O,L37O,Z006,0,7,0.89,1,medium
L13O,L37O,Z014,0,9,0.81,1,medium
L13O,L38I,Z007,0,9,0.89,4,medium
L13O,L38I,Z012,0,9,0.88,4,medium
L13O,L38I,Z010,0,9,0.81,1,medium
L13O,L38I,Z011,0,7,1.01,1,medium
L13O,L39O,Z002,0,7,1.63,4,high
L13O,L39O,Z008,0,9,1.08,4,medium
L13O,L39O,Z004,0,7,1.69,2,high
L13O,L40I,Z011,0,5,0.85,2,medium
L13O,L40I,Z001,0,5,2.37,4,high
L13O,L40I,Z006,0,7,1.05,4,medium
L14I,L15O,Z011,0,5,0.82,4,medium
L14I,L15O,Z012,0,12,0.88,4,medium
L14I,L15O,Z005,0,9,2.28,2,high
L14I,L16I,Z014,0,5,1.01,4,medium
L14I,L16I,Z006,0,5,1.03,3,medium
L14I,L17O,Z003,0,12,1.79,1,high
L14I,L17O,Z013,0,7,0.81,2,medium
L14I,L17O,Z011,0,5,1.17,2,medium
L14I,L17O,Z004,0,7,1.95,1,high
L14I,L18I,Z010,0,7,1.05,3,medium
L14I,L18I,Z002,0,9,2.25,4,high
L14I,L18I,Z011,0,7,1.05,2,medium
L14I,L19O,Z006,0,9,1.17,3,medium
L14I,L19O,Z001,0,9,1.68,2,high
L14I,L19O,Z009,0,9,0.95,1,medium
L14I,L19O,Z012,0,7,1.03,2,medium
L14I,L20I,Z011,0,9,1.19,4,medium
L14I,L20I,Z003,0,12,1.61,1,high
L14I,L21O,Z014,0,12,0.95,4,medium
L14I,L21O,Z013,0,9,1.15,1,medium
L14I,L21O,Z003,0,12,1.69,2,high
L14I,L21O,Z006,0,7,0.97,3,medium
L14I,L22I,Z002,0,5,2.26,2,high
L14I,L22I,Z012,0,9,1.04,3,medium
L14I,L22I,Z014,0,7,0.87,3,medium
L14I,L23O,Z003,0,12,1.89,4,high
L14I,L23O,Z013,0,9,1.19,1,medium
L14I,L23O,Z001,0,9,1.85,3,high
L14I,L24I,Z009,0,5,0.93,2,medium
L14I,L24I,Z008,0,7,1.14,2,medium
L14I,L25O,Z002,0,12,2.06,3,high
L14I,L25O,Z003,0,9,1.69,1,high
L14I,L25O,Z004,0,9,1.82,2,high
L14I,L26I,Z010,0,12,0.98,3,medium
L14I,L26I,Z002,0,12,1.9,3,high
L14I,L27O,Z008,0,12,0.84,1,medium
L14I,L27O,Z013,0,5,1.12,4,medium
L14I,L27O,Z006,0,5,1.03,4,medium
L14I,L28I,Z010,0,9,1.1,4,medium
L14I,L28I,Z005,0,7,1.97,3,high
L14I,L29O,Z005,0,12,1.99,4,high
L14I,L29O,Z009,0,9,1.01,1,medium
L14I,L30I,Z005,0,7,2.18,4,high
L14I,L30I,Z012,0,7,1.14,1,medium
L14I,L30I,Z013,0,12,0.88,4,medium
L14I,L31O,Z001,0,12,2.26,3,high
L14I,L31O,Z014,0,9,0.82,2,medium
L14I,L31O,Z004,0,12,2.06,1,high
L14I,L32I,Z010,0,9,0.95,3,medium
L14I,L32I,Z013,0,7,0.91,1,medium
L14I,L33O,Z010,0,12,1.12,3,medium
L14I,L33O,Z009,0,5,0.98,1,medium
L14I,L34I,Z001,0,12,2.01,1,high
L14I,L34I,Z010,0,12,0.92,3,medium
L14I,L35O,Z005,0,5,1.95,1,high
L14I,L35O,Z009,0,5,0.91,2,medium
L14I,L35O,Z001,0,5,2.24,3,high
L14I,L35O,Z013,0,9,0.82,3,medium
L14I,L36I,Z004,0,5,2.31,3,high
L14I,L36I,Z009,0,7,1.03,2,medium
L14I,L36I,Z014,0,12,1.18,1,medium
L14I,L37O,Z009,0,12,1.01,2,medium
L14I,L37O,Z010,0,5,0.81,1,medium
L14I,L38I,Z013,0,5,1.06,4,medium
L14I,L38I,Z014,0,9,1.06,3,medium
L14I,L38I,Z011,0,5,0.93,4,medium
L14I,L39O,Z007,0,9,0.94,1,medium
L14I,L39O,Z012,0,5,0.91,2,medium
L14I,L40I,Z007,0,9,0.97,3,medium
L14I,L40I,Z006,0,5,0.85,1,medium
L15O,L16I,Z013,0,5,1.13,3,medium
L15O,L16I,Z011,0,12,1.1,4,medium
L15O,L16I,Z002,0,12,2.14,1,high
L15O,L17O,Z013,0,7,1.18,1,medium
L15O,L17O,Z010,0,12,0.96,4,medium
L15O,L17O,Z014,0,9,0.93,4,medium
L15O,L18I,Z011,0,9,0.96,2,medium
L15O,L18I,Z007,0,12,0.95,1,medium
L15O,L18I,Z009,0,5,0.99,3,medium
L15O,L18I,Z002,0,12,2.34,4,high
L15O,L19O,Z014,0,7,1.08,2,medium
L15O,L19O,Z001,0,12,1.99,2,high
L15O,L19O,Z002,0,9,1.99,2,high
L15O,L19O,Z007,0,5,0.88,1,medium
L15O,L20I,Z005,0,9,2.22,3,high
L15O,L20I,Z014,0,9,0.93,4,medium
L15O,L20I,Z002,0,12,2.21,3,high
L15O,L20I,Z009,0,9,1.03,1,medium
L15O,L21O,Z003,0,12,2.12,1,high
L15O,L21O,Z013,0,9,1.2,4,medium
L15O,L21O,Z001,0,5,2.01,1,high
L15O,L22I,Z003,0,9,2.03,1,high
L15O,L22I,Z005,0,12,2.36,1,high
L15O,L22I,Z006,0,5,1.15,2,medium
L15O,L23O,Z007,0,9,0.94,4,medium
L15O,L23O,Z010,0,5,0.94,3,medium
L15O,L23O,Z011,0,5,0.95,4,medium
L15O,L23O,Z006,0,12,0.84,4,medium
L15O,L24I,Z010,0,7,1.18,2,medium
L15O,L24I,Z014,0,9,0.88,2,medium
L15O,L24I,Z013,0,7,1.12,3,medium
L15O,L24I,Z007,0,9,1.11,3,medium
L15O,L25O,Z008,0,5,0.99,3,medium
L15O,L25O,Z010,0,7,0.9,3,medium
L15O,L25O,Z001,0,12,2.3,1,high
L15O,L25O,Z004,0,5,1.92,3,high
L15O,L26I,Z012,0,7,1.07,3,medium
L15O,L26I,Z009,0,9,1.13,2,medium
L15O,L26I,Z013,0,5,0.88,4,medium
L15O,L26I,Z006,0,12,1.0,3,medium
L15O,L27O,Z001,0,9,2.3,4,high
L15O,L27O,Z006,0,9,0.8,3,medium
L15O,L27O,Z009,0,5,1.03,1,medium
L15O,L28I,Z009,0,9,0.89,3,medium
L15O,L28I,Z012,0,12,0.95,1,medium
L15O,L28I,Z006,0,7,0.8,1,medium
L15O,L28I,Z001,0,12,1.99,4,high
L15O,L29O,Z002,0,7,1.67,2,high
L15O,L29O,Z012,0,5,0.82,1,medium
L15O,L29O,Z004,0,7,1.84,4,high
L15O,L29O,Z005,0,5,2.11,2,high
L15O,L30I,Z004,0,12,1.83,4,high
L15O,L30I,Z003,0,12,1.95,2,high
L15O,L30I,Z013,0,5,1.13,3,medium
L15O,L31O,Z010,0,9,1.19,1,medium
L15O,L31O,Z013,0,9,1.04,4,medium
L15O,L31O,Z008,0,7,0.85,2,medium
L15O,L31O,Z003,0,12,2.23,4,high
L15O,L32I,Z012,0,12,1.09,4,medium
L15O,L32I,Z014,0,7,1.13,1,medium
L15O,L32I,Z004,0,7,2.34,4,high
L15O,L33O,Z012,0,5,1.19,3,medium
L15O,L33O,Z010,0,5,0.91,1,medium
L15O,L34I,Z011,0,12,1.0,4,medium
L15O,L34I,Z002,0,9,1.88,2,high
L15O,L34I,Z013,0,12,1.06,1,medium
L15O,L35O,Z001,0,5,1.9,2,high
L15O,L35O,Z009,0,9,0.84,2,medium
L15O,L36I,Z014,0,7,1.01,2,medium
L15O,L36I,Z007,0,12,0.93,4,medium
L15O,L37O,Z012,0,12,0.95,3,medium
L15O,L37O,Z004,0,9,1.93,3,high
L15O,L37O,Z008,0,9,1.05,3,medium
L15O,L37O,Z003,0,5,1.63,3,high
L15O,L38I,Z013,0,5,1.18,2,medium
L15O,L38I,Z001,0,7,2.11,2,high
L15O,L39O,Z006,0,12,1.01,2,medium
L15O,L39O,Z003,0,9,1.87,1,high
L15O,L40I,Z005,0,7,2.17,1,high
L15O,L40I,Z013,0,7,0.82,2,medium
L15O,L40I,Z006,0,7,0.91,2,medium
L16I,L17O,Z007,0,7,0.85,4,medium
L16I,L17O,Z012,0,7,0.96,1,medium
L16I,L17O,Z001,0,9,1.9,2,high
L16I,L17O,Z013,0,5,0.94,4,medium
L16I,L18I,Z010,0,7,0.81,4,medium
L16I,L18I,Z003,0,7,1.72,4,high
L16I,L18I,Z011,0,5,0.99,1,medium
L16I,L18I,Z001,0,12,1.96,3,high
L16I,L19O,Z011,0,12,1.17,1,medium
L16I,L19O,Z013,0,9,1.03,3,medium
L16I,L20I,Z007,0,7,0.88,3,medium
L16I,L20I,Z012,0,7,0.81,3,medium
L16I,L20I,Z013,0,12,0.81,4,medium
L16I,L21O,Z009,0,5,1.01,1,medium
L16I,L21O,Z004,0,12,2.36,4,high
L16I,L22I,Z004,0,9,1.89,4,high
L16I,L22I,Z009,0,7,0.85,2,medium
L16I,L22I,Z006,0,5,0.96,1,medium
L16I,L23O,Z008,0,12,0.93,3,medium
L16I,L23O,Z001,0,5,1.62,1,high
L16I,L23O,Z010,0,7,1.13,1,medium
L16I,L24I,Z004,0,7,1.94,3,high
L16I,L24I,Z012,0,9,0.89,4,medium
L16I,L24I,Z005,0,9,2.03,4,high
L16I,L24I,Z009,0,9,1.11,1,medium
L16I,L25O,Z004,0,12,1.72,2,high
L16I,L25O,Z003,0,5,1.61,3,high
L16I,L25O,Z007,0,12,0.83,1,medium
L16I,L25O,Z009,0,9,1.12,1,medium
L16I,L26I,Z006,0,9,0.99,2,medium
L16I,L26I,Z007,0,5,1.1,2,medium
L16I,L27O,Z012,0,12,1.12,3,medium
L16I,L27O,Z002,0,9,1.63,3,high
L16I,L27O,Z014,0,12,0.94,4,medium
L16I,L27O,Z013,0,7,1.0,4,medium
L16I,L28I,Z002,0,5,2.38,1,high
L16I,L28I,Z014,0,9,1.15,3,medium
L16I,L28I,Z011,0,12,1.05,2,medium
L16I,L28I,Z013,0,5,1.19,3,medium
L16I,L29O,Z010,0,5,1.16,1,medium
L16I,L29O,Z006,0,7,0.97,1,medium
L16I,L29O,Z013,0,12,0.84,1,medium
L16I,L30I,Z013,0,7,1.15,4,medium
L16I,L30I,Z003,0,5,1.86,3,high
L16I,L31O,Z007,0,5,1.19,3,medium
L16I,L31O,Z006,0,5,0.85,2,medium
L16I,L32I,Z009,0,9,1.05,2,medium
L16I,L32I,Z006,0,5,1.07,4,medium
L16I,L32I,Z013,0,9,1.0,4,medium
L16I,L33O,Z006,0,5,0.82,1,medium
L16I,L33O,Z003,0,5,2.23,1,high
L16I,L33O,Z011,0,7,0.85,4,medium
L16I,L33O,Z005,0,9,2.23,2,high
L16I,L34I,Z004,0,7,2.02,4,high
L16I,L34I,Z010,0,9,1.14,3,medium
L16I,L34I,Z006,0,7,1.15,2,medium
L16I,L35O,Z003,0,5,2.11,1,high
L16I,L35O,Z014,0,12,0.81,1,medium
L16I,L35O,Z010,0,12,1.11,2,medium
L16I,L35O,Z002,0,7,2.17,2,high
L16I,L36I,Z005,0,9,2.37,4,high
L16I,L36I,Z003,0,12,2.17,1,high
L16I,L36I,Z013,0,7,0.91,3,medium
L16I,L37O,Z003,0,12,2.29,1,high
L16I,L37O,Z006,0,12,0.97,2,medium
L16I,L37O,Z014,0,9,0.96,2,medium
L16I,L37O,Z001,0,5,1.87,3,high
L16I,L38I,Z005,0,7,2.36,4,high
L16I,L38I,Z014,0,9,1.16,4,medium
L16I,L38I,Z011,0,12,1.02,1,medium
L16I,L39O,Z014,0,9,0.89,3,medium
L16I,L39O,Z012,0,12,0.92,3,medium
L16I,L40I,Z011,0,12,0.99,1,medium
L16I,L40I,Z003,0,9,2.34,3,high
L16I,L40I,Z002,0,9,1.88,2,high
L17O,L18I,Z012,0,7,0.8,4,medium
L17O,L18I,Z013,0,12,1.1,2,medium
L17O,L18I,Z006,0,9,0.87,2,medium
L17O,L18I,Z008,0,5,0.93,2,medium
L17O,L19O,Z006,0,9,1.05,4,medium
L17O,L19O,Z008,0,12,1.04,4,medium
L17O,L19O,Z010,0,7,1.16,3,medium
L17O,L19O,Z001,0,7,2.05,4,high
L17O,L20I,Z008,0,5,0.89,3,medium
L17O,L20I,Z011,0,12,0.93,1,medium
L17O,L20I,Z005,0,12,2.09,3,high
L17O,L20I,Z002,0,9,2.29,1,high
L17O,L21O,Z008,0,9,0.97,4,medium
L17O,L21O,Z007,0,7,0.97,2,medium
L17O,L21O,Z005,0,7,2.08,3,high
L17O,L22I,Z001,0,5,2.0,3,high
L17O,L22I,Z006,0,12,1.05,4,medium
L17O,L22I,Z010,0,5,1.18,3,medium
L17O,L22I,Z013,0,9,0.92,4,medium
L17O,L23O,Z004,0,9,2.21,4,high
L17O,L23O,Z005,0,5,2.25,4,high
L17O,L23O,Z010,0,9,1.16,1,medium
L17O,L24I,Z008,0,12,1.08,1,medium
L17O,L24I,Z012,0,5,0.9,4,medium
L17O,L24I,Z007,0,5,1.1,3,medium
L17O,L25O,Z001,0,7,1.95,3,high
L17O,L25O,Z002,0,9,2.38,2,high
L17O,L25O,Z014,0,12,1.02,3,medium
L17O,L25O,Z012,0,12,1.0,2,medium
L17O,L26I,Z011,0,7,1.19,3,medium
L17O,L26I,Z009,0,7,0.91,1,medium
L17O,L26I,Z007,0,5,0.91,2,medium
L17O,L27O,Z005,0,5,1.97,1,high
L17O,L27O,Z014,0,9,0.91,3,medium
L17O,L27O,Z013,0,9,1.05,2,medium
L17O,L27O,Z003,0,9,2.14,4,high
L17O,L28I,Z010,0,7,1.0,2,medium
L17O,L28I,Z009,0,12,1.04,4,medium
L17O,L28I,Z004,0,12,2.39,4,high
L17O,L29O,Z014,0,9,1.15,1,medium
L17O,L29O,Z003,0,5,1.66,4,high
L17O,L30I,Z003,0,12,1.89,3,high
L17O,L30I,Z013,0,5,0.85,3,medium
L17O,L30I,Z001,0,12,2.25,2,high
L17O,L31O,Z005,0,5,1.98,2,high
L17O,L31O,Z007,0,9,1.14,3,medium
L17O,L31O,Z003,0,7,2.15,3,high
L17O,L31O,Z010,0,12,0.98,2,medium
L17O,L32I,Z011,0,12,0.87,1,medium
L17O,L32I,Z002,0,5,2.1,4,high
L17O,L32I,Z009,0,5,0.81,4,medium
L17O,L32I,Z005,0,12,1.78,3,high
L17O,L33O,Z001,0,12,1.73,1,high
L17O,L33O,Z008,0,12,1.12,3,medium
L17O,L34I,Z011,0,7,1.0,4,medium
L17O,L34I,Z009,0,5,1.08,3,medium
L17O,L34I,Z003,0,9,1.83,1,high
L17O,L34I,Z014,0,12,1.15,4,medium
L17O,L35O,Z011,0,12,1.14,3,medium
L17O,L35O,Z003,0,9,2.24,1,high
L17O,L35O,Z007,0,12,1.11,2,medium
L17O,L36I,Z005,0,5,2.27,2,high
L17O,L36I,Z014,0,7,0.93,4,medium
L17O,L37O,Z013,0,12,0.92,4,medium
L17O,L37O,Z001,0,5,2.17,3,high
L17O,L38I,Z014,0,12,0.82,1,medium
L17O,L38I,Z006,0,5,1.12,4,medium
L17O,L38I,Z007,0,7,1.2,3,medium
L17O,L39O,Z007,0,5,1.03,2,medium
L17O,L39O,Z011,0,7,1.13,3,medium
L17O,L40I,Z009,0,5,1.16,4,medium
L17O,L40I,Z004,0,9,2.33,2,high
L18I,L19O,Z006,0,9,0.97,1,medium
L18I,L19O,Z010,0,5,0.9,4,medium
L18I,L19O,Z007,0,5,1.11,4,medium
L18I,L20I,Z007,0,9,0.87,3,medium
L18I,L20I,Z003,0,5,1.8,2,high
L18I,L20I,Z011,0,12,0.94,2,medium
L18I,L20I,Z012,0,7,0.85,2,medium
L18I,L21O,Z005,0,12,1.69,4,high
L18I,L21O,Z003,0,5,1.95,3,high
L18I,L22I,Z001,0,5,1.6,2,high
L18I,L22I,Z002,0,7,2.25,2,high
L18I,L23O,Z002,0,7,1.64,4,high
L18I,L23O,Z011,0,7,1.12,2,medium
L18I,L23O,Z010,0,5,1.14,2,medium
L18I,L24I,Z002,0,7,1.98,4,high
L18I,L24I,Z006,0,12,1.14,3,medium
L18I,L24I,Z001,0,5,1.92,4,high
L18I,L25O,Z013,0,12,0.86,3,medium
L18I,L25O,Z005,0,9,2.23,1,high
L18I,L26I,Z006,0,7,0.99,2,medium
L18I,L26I,Z001,0,7,1.76,2,high
L18I,L27O,Z010,0,5,1.07,1,medium
L18I,L27O,Z009,0,7,1.06,4,medium
L18I,L27O,Z001,0,12,1.91,2,high
L18I,L28I,Z005,0,9,2.4,2,high
L18I,L28I,Z014,0,12,1.18,1,medium
L18I,L28I,Z009,0,9,1.16,2,medium
L18I,L28I,Z001,0,7,1.97,1,high
L18I,L29O,Z008,0,5,0.84,3,medium
L18I,L29O,Z002,0,7,1.95,2,high
L18I,L29O,Z004,0,9,2.27,1,high
L18I,L30I,Z002,0,5,2.16,1,high
L18I,L30I,Z005,0,9,1.8,2,high
L18I,L30I,Z009,0,5,1.14,2,medium
L18I,L30I,Z007,0,12,1.17,2,medium
L18I,L31O,Z009,0,7,1.04,4,medium
L18I,L31O,Z008,0,9,0.81,1,medium
L18I,L32I,Z011,0,9,0.85,2,medium
L18I,L32I,Z002,0,5,1.86,1,high
L18I,L32I,Z003,0,9,2.12,1,high
L18I,L32I,Z004,0,5,2.1,4,high
L18I,L33O,Z001,0,12,2.17,2,high
L18I,L33O,Z009,0,5,0.82,4,medium
L18I,L33O,Z011,0,7,1.14,2,medium
L18I,L34I,Z007,0,12,0.87,1,medium
L18I,L34I,Z014,0,5,0.93,3,medium
L18I,L35O,Z008,0,9,1.1,4,medium
L18I,L35O,Z001,0,9,1.68,2,high
L18I,L35O,Z014,0,5,0.92,4,medium
L18I,L35O,Z002,0,7,1.69,3,high
L18I,L36I,Z003,0,7,1.75,4,high
L18I,L36I,Z008,0,5,0.91,3,medium
L18I,L36I,Z014,0,12,1.06,4,medium
L18I,L36I,Z012,0,12,0.91,3,medium
L18I,L37O,Z006,0,7,0.89,3,medium
L18I,L37O,Z003,0,9,1.99,4,high
L18I,L38I,Z001,0,12,2.05,2,high
L18I,L38I,Z007,0,7,1.18,1,medium
L18I,L38I,Z008,0,5,0.93,4,medium
L18I,L38I,Z002,0,7,1.93,3,high
L18I,L39O,Z013,0,9,0.94,3,medium
L18I,L39O,Z008,0,7,1.05,4,medium
L18I,L39O,Z002,0,12,2.37,2,high
L18I,L40I,Z012,0,7,1.1,1,medium
L18I,L40I,Z003,0,12,1.81,1,high
L19O,L20I,Z005,0,9,2.14,2,high
L19O,L20I,Z012,0,9,1.13,3,medium
L19O,L20I,Z007,0,5,1.03,1,medium
L19O,L21O,Z007,0,12,0.9,2,medium
L19O,L21O,Z013,0,5,0.97,3,medium
L19O,L21O,Z009,0,12,0.9,4,medium
L19O,L21O,Z003,0,5,1.66,3,high
L19O,L22I,Z002,0,9,1.71,1,high
L19O,L22I,Z010,0,5,0.84,2,medium
L19O,L22I,Z011,0,7,0.89,1,medium
L19O,L22I,Z005,0,7,1.85,4,high
L19O,L23O,Z003,0,7,1.62,3,high
L19O,L23O,Z008,0,5,0.91,2,medium
L19O,L23O,Z001,0,12,1.9,3,high
L19O,L24I,Z005,0,5,2.38,2,high
L19O,L24I,Z006,0,7,0.91,4,medium
L19O,L24I,Z004,0,12,1.61,4,high
L19O,L24I,Z009,0,7,1.07,1,medium
L19O,L25O,Z007,0,9,0.95,1,medium
L19O,L25O,Z009,0,7,1.1,3,medium
L19O,L25O,Z011,0,7,0.95,3,medium
L19O,L26I,Z014,0,12,0.83,4,medium
L19O,L26I,Z007,0,9,0.81,4,medium
L19O,L27O,Z003,0,9,1.87,1,high
L19O,L27O,Z008,0,7,0.82,1,medium
L19O,L27O,Z012,0,5,1.08,1,medium
L19O,L27O,Z011,0,5,1.12,3,medium
L19O,L28I,Z004,0,9,1.77,2,high
L19O,L28I,Z012,0,9,0.92,4,medium
L19O,L29O,Z008,0,7,0.94,3,medium
L19O,L29O,Z005,0,5,1.87,1,high
L19O,L30I,Z008,0,5,1.13,4,medium
L19O,L30I,Z003,0,9,2.35,3,high
L19O,L30I,Z002,0,9,1.67,4,high
L19O,L30I,Z011,0,9,0.95,2,medium
L19O,L31O,Z013,0,12,1.16,1,medium
L19O,L31O,Z001,0,5,1.76,4,high
L19O,L31O,Z007,0,7,1.0,2,medium
L19O,L31O,Z014,0,9,1.18,2,medium
L19O,L32I,Z002,0,5,2.04,4,high
L19O,L32I,Z001,0,7,1.64,3,high
L19O,L33O,Z012,0,12,0.85,3,medium
L19O,L33O,Z013,0,7,1.07,3,medium
L19O,L33O,Z007,0,7,1.08,1,medium
L19O,L34I,Z012,0,12,0.94,1,medium
L19O,L34I,Z009,0,12,1.0,4,medium
L19O,L35O,Z012,0,5,0.9,1,medium
L19O,L35O,Z006,0,12,0.96,2,medium
L19O,L35O,Z005,0,12,1.67,2,high
L19O,L35O,Z007,0,5,1.02,2,medium
L19O,L36I,Z014,0,7,1.13,2,medium
L19O,L36I,Z007,0,12,1.04,1,medium
L19O,L36I,Z010,0,5,0.83,4,medium
L19O,L36I,Z009,0,7,0.85,1,medium
L19O,L37O,Z011,0,5,1.14,3,medium
L19O,L37O,Z002,0,9,1.6,2,high
L19O,L37O,Z003,0,12,1.76,3,high
L19O,L37O,Z001,0,7,2.29,4,high
L19O,L38I,Z003,0,9,1.94,2,high
L19O,L38I,Z006,0,9,1.15,1,medium
L19O,L38I,Z009,0,12,0.95,4,medium
L19O,L39O,Z009,0,9,0.93,1,medium
L19O,L39O,Z003,0,7,2.14,2,high
L19O,L39O,Z001,0,9,2.34,3,high
L19O,L39O,Z010,0,9,1.2,4,medium
L19O,L40I,Z011,0,7,0.93,3,medium
L19O,L40I,Z008,0,5,0.99,3,medium
L19O,L40I,Z014,0,9,1.16,4,medium
L20I,L21O,Z004,0,7,2.35,4,high
L20I,L21O,Z005,0,12,1.97,2,high
L20I,L21O,Z014,0,12,1.08,1,medium
L20I,L22I,Z014,0,5,0.83,4,medium
L20I,L22I,Z006,0,5,0.87,1,medium
L20I,L23O,Z013,0,9,0.93,3,medium
L20I,L23O,Z002,0,9,2.36,3,high
L20I,L24I,Z007,0,5,1.17,2,medium
L20I,L24I,Z010,0,5,1.18,2,medium
L20I,L24I,Z011,0,9,0.82,4,medium
L20I,L24I,Z013,0,5,0.99,1,medium
L20I,L25O,Z014,0,7,1.09,2,medium
L20I,L25O,Z005,0,5,2.36,2,high
L20I,L26I,Z009,0,5,0.82,1,medium
L20I,L26I,Z010,0,7,0.96,4,medium
L20I,L26I,Z003,0,5,1.62,1,high
L20I,L27O,Z006,0,12,1.14,2,medium
L20I,L27O,Z008,0,9,0.81,2,medium
L20I,L28I,Z011,0,7,0.98,3,medium
L20I,L28I,Z014,0,12,0.81,3,medium
L20I,L28I,Z008,0,5,1.1,1,medium
L20I,L29O,Z001,0,5,2.36,1,high
L20I,L29O,Z010,0,12,0.82,2,medium
L20I,L29O,Z014,0,9,0.99,3,medium
L20I,L29O,Z011,0,12,1.08,4,medium
L20I,L30I,Z002,0,9,2.03,2,high
L20I,L30I,Z011,0,7,1.06,4,medium
L20I,L31O,Z002,0,12,2.2,3,high
L20I,L31O,Z011,0,12,0.95,4,medium
L20I,L31O,Z007,0,9,0.81,2,medium
L20I,L31O,Z006,0,5,1.13,1,medium
L20I,L32I,Z005,0,9,2.13,4,high
L20I,L32I,Z007,0,7,1.11,2,medium
L20I,L32I,Z011,0,9,0.85,2,medium
L20I,L33O,Z008,0,9,0.97,4,medium
L20I,L33O,Z011,0,12,0.92,3,medium
L20I,L33O,Z010,0,9,0.87,1,medium
L20I,L34I,Z014,0,9,0.83,3,medium
L20I,L34I,Z002,0,5,2.17,3,high
L20I,L35O,Z002,0,7,1.91,4,high
L20I,L35O,Z008,0,12,0.9,4,medium
L20I,L35O,Z005,0,7,2.34,3,high
L20I,L36I,Z002,0,7,1.84,2,high
L20I,L36I,Z013,0,12,1.05,1,medium
L20I,L37O,Z009,0,9,0.82,3,medium
L20I,L37O,Z003,0,5,1.8,1,high
L20I,L37O,Z012,0,12,1.07,4,medium
L20I,L38I,Z009,0,5,1.05,4,medium
L20I,L38I,Z005,0,7,1.84,1,high
L20I,L38I,Z014,0,9,1.13,1,medium
L20I,L39O,Z004,0,9,1.78,2,high
L20I,L39O,Z010,0,9,1.19,3,medium
L20I,L39O,Z007,0,7,0.94,2,medium
L20I,L39O,Z001,0,5,2.38,1,high
L20I,L40I,Z006,0,5,1.02,3,medium
L20I,L40I,Z004,0,9,1.8,4,high
L21O,L22I,Z002,0,9,1.8,3,high
L21O,L22I,Z004,0,7,1.66,2,high
L21O,L22I,Z013,0,9,1.08,4,medium
L21O,L22I,Z001,0,7,2.11,4,high
L21O,L23O,Z009,0,5,1.09,3,medium
L21O,L23O,Z013,0,5,0.8,1,medium
L21O,L23O,Z014,0,5,0.85,1,medium
L21O,L24I,Z007,0,12,1.2,2,medium
L21O,L24I,Z005,0,5,2.24,4,high
L21O,L24I,Z009,0,9,0.92,4,medium
L21O,L25O,Z006,0,7,0.81,4,medium
L21O,L25O,Z013,0,5,0.81,2,medium
L21O,L25O,Z014,0,7,1.05,3,medium
L21O,L26I,Z012,0,7,1.14,3,medium
L21O,L26I,Z008,0,12,0.96,4,medium
L21O,L26I,Z005,0,12,1.91,4,high
L21O,L26I,Z007,0,9,0.95,1,medium
L21O,L27O,Z007,0,9,1.12,4,medium
L21O,L27O,Z010,0,9,0.84,3,medium
L21O,L27O,Z014,0,9,1.1,2,medium
L21O,L27O,Z013,0,7,1.11,2,medium
L21O,L28I,Z008,0,7,0.83,1,medium
L21O,L28I,Z014,0,7,0.85,4,medium
L21O,L28I,Z004,0,5,1.75,3,high
L21O,L28I,Z002,0,5,2.17,2,high
L21O,L29O,Z008,0,5,1.13,3,medium
L21O,L29O,Z007,0,9,0.96,3,medium
L21O,L29O,Z009,0,5,0.87,3,medium
L21O,L30I,Z002,0,12,1.94,1,high
L21O,L30I,Z009,0,7,0.82,3,medium
L21O,L31O,Z001,0,7,1.68,1,high
L21O,L31O,Z003,0,5,1.84,3,high
L21O,L32I,Z007,0,5,0.95,1,medium
L21O,L32I,Z009,0,5,1.07,4,medium
L21O,L33O,Z011,0,9,0.97,4,medium
L21O,L33O,Z003,0,12,2.32,4,high
L21O,L34I,Z004,0,9,1.91,2,high
L21O,L34I,Z011,0,5,0.91,3,medium
L21O,L34I,Z008,0,9,1.01,4,medium
L21O,L34I,Z010,0,12,1.06,4,medium
L21O,L35O,Z005,0,9,1.81,2,high
L21O,L35O,Z006,0,12,1.14,3,medium
L21O,L35O,Z010,0,7,1.13,4,medium
L21O,L36I,Z002,0,12,1.91,2,high
L21O,L36I,Z003,0,5,2.06,3,high
L21O,L37O,Z012,0,5,1.02,1,medium
L21O,L37O,Z008,0,9,0.96,2,medium
L21O,L37O,Z003,0,7,2.4,1,high
L21O,L37O,Z006,0,5,1.15,4,medium
L21O,L38I,Z007,0,7,0.94,1,medium
L21O,L38I,Z014,0,12,0.87,3,medium
L21O,L38I,Z008,0,9,1.12,1,medium
L21O,L38I,Z005,0,9,2.35,2,high
L21O,L39O,Z005,0,7,2.32,2,high
L21O,L39O,Z009,0,5,0.96,2,medium
L21O,L39O,Z010,0,7,1.16,2,medium
L21O,L39O,Z004,0,9,2.08,4,high
L21O,L40I,Z006,0,5,1.03,3,medium
L21O,L40I,Z008,0,9,1.14,4,medium
L21O,L40I,Z011,0,7,1.1,1,medium
L21O,L40I,Z003,0,9,1.78,3,high
L22I,L23O,Z013,0,9,1.04,3,medium
L22I,L23O,Z007,0,9,1.16,2,medium
L22I,L24I,Z004,0,12,1.84,3,high
L22I,L24I,Z010,0,12,1.0,2,medium
L22I,L24I,Z012,0,9,0.94,1,medium
L22I,L25O,Z012,0,7,0.85,3,medium
L22I,L25O,Z014,0,7,1.06,4,medium
L22I,L25O,Z003,0,9,2.27,3,high
L22I,L25O,Z006,0,9,1.12,1,medium
L22I,L26I,Z008,0,12,0.81,4,medium
L22I,L26I,Z007,0,9,0.93,2,medium
L22I,L26I,Z014,0,9,1.17,3,medium
L22I,L26I,Z001,0,9,2.04,3,high
L22I,L27O,Z009,0,7,0.83,4,medium
L22I,L27O,Z003,0,9,2.16,2,high
L22I,L28I,Z005,0,7,1.92,4,high
L22I,L28I,Z008,0,7,1.13,2,medium
L22I,L29O,Z008,0,9,0.95,3,medium
L22I,L29O,Z011,0,5,1.16,2,medium
L22I,L29O,Z006,0,5,0.89,4,medium
L22I,L29O,Z003,0,7,1.84,4,high
L22I,L30I,Z004,0,12,1.77,2,high
L22I,L30I,Z006,0,7,0.89,1,medium
L22I,L31O,Z013,0,12,0.91,4,medium
L22I,L31O,Z003,0,7,2.31,3,high
L22I,L31O,Z008,0,9,0.87,3,medium
L22I,L32I,Z004,0,9,1.8,2,high
L22I,L32I,Z013,0,12,0.81,4,medium
L22I,L32I,Z012,0,7,1.02,3,medium
L22I,L32I,Z010,0,5,0.91,1,medium
L22I,L33O,Z011,0,5,1.13,3,medium
L22I,L33O,Z006,0,7,0.91,3,medium
L22I,L33O,Z009,0,7,1.0,3,medium
L22I,L33O,Z001,0,5,2.16,2,high
L22I,L34I,Z012,0,7,1.19,1,medium
L22I,L34I,Z010,0,12,0.87,2,medium
L22I,L35O,Z009,0,9,0.83,2,medium
L22I,L35O,Z003,0,5,2.01,3,high
L22I,L35O,Z014,0,7,1.13,3,medium
L22I,L35O,Z008,0,9,1.06,1,medium
L22I,L36I,Z010,0,9,0.92,1,medium
L22I,L36I,Z009,0,12,1.02,2,medium
L22I,L36I,Z003,0,7,2.14,2,high
L22I,L36I,Z004,0,5,2.05,4,high
L22I,L37O,Z013,0,9,0.99,4,medium
L22I,L37O,Z006,0,12,0.89,2,medium
L22I,L38I,Z009,0,9,0.86,4,medium
L22I,L38I,Z014,0,12,1.08,2,medium
L22I,L38I,Z003,0,9,1.84,2,high
L22I,L39O,Z003,0,12,2.33,3,high
L22I,L39O,Z011,0,5,1.12,3,medium
L22I,L39O,Z010,0,7,0.9,2,medium
L22I,L39O,Z009,0,9,1.15,3,medium
L22I,L40I,Z003,0,5,1.68,2,high
L22I,L40I,Z008,0,12,0.97,3,medium
L22I,L40I,Z004,0,9,2.02,3,high
L23O,L24I,Z001,0,12,2.1,1,high
L23O,L24I,Z012,0,5,1.08,4,medium
L23O,L24I,Z010,0,5,1.03,4,medium
L23O,L24I,Z013,0,12,1.04,4,medium
L23O,L25O,Z007,0,9,1.12,3,medium
L23O,L25O,Z006,0,12,1.05,1,medium
L23O,L25O,Z009,0,12,1.0,4,medium
L23O,L25O,Z008,0,12,0.87,3,medium
L23O,L26I,Z008,0,12,0.82,4,medium
L23O,L26I,Z012,0,5,1.0,1,medium
L23O,L26I,Z003,0,5,1.84,3,high
L23O,L27O,Z013,0,9,1.11,2,medium
L23O,L27O,Z001,0,9,1.94,2,high
L23O,L27O,Z006,0,7,1.17,1,medium
L23O,L27O,Z003,0,9,1.76,4,high
L23O,L28I,Z004,0,7,1.84,2,high
L23O,L28I,Z003,0,9,1.6,4,high
L23O,L28I,Z008,0,9,0.99,4,medium
L23O,L29O,Z012,0,5,0.84,2,medium
L23O,L29O,Z013,0,7,0.84,4,medium
L23O,L29O,Z002,0,9,1.79,1,high
L23O,L30I,Z013,0,5,1.13,4,medium
L23O,L30I,Z001,0,7,2.14,4,high
L23O,L30I,Z012,0,5,1.0,2,medium
L23O,L31O,Z002,0,7,1.8,2,high
L23O,L31O,Z008,0,7,1.15,1,medium
L23O,L31O,Z010,0,12,1.14,1,medium
L23O,L31O,Z012,0,12,0.96,1,medium
L23O,L32I,Z011,0,9,0.87,3,medium
L23O,L32I,Z002,0,12,2.36,1,high
L23O,L33O,Z005,0,9,2.14,1,high
L23O,L33O,Z003,0,9,1.67,4,high
L23O,L33O,Z009,0,5,0.85,2,medium
L23O,L33O,Z004,0,7,2.02,3,high
L23O,L34I,Z009,0,5,0.87,2,medium
L23O,L34I,Z004,0,7,1.92,2,high
L23O,L34I,Z005,0,12,2.28,1,high
L23O,L34I,Z014,0,12,0.98,3,medium
L23O,L35O,Z009,0,9,0.82,3,medium
L23O,L35O,Z005,0,12,2.23,2,high
L23O,L35O,Z010,0,12,0.88,3,medium
L23O,L36I,Z014,0,12,0.93,3,medium
L23O,L36I,Z009,0,7,1.1,1,medium
L23O,L36I,Z013,0,7,1.0,3,medium
L23O,L37O,Z009,0,5,0.97,4,medium
L23O,L37O,Z014,0,9,1.19,2,medium
L23O,L38I,Z009,0,12,0.81,4,medium
L23O,L38I,Z011,0,7,1.03,3,medium
L23O,L38I,Z012,0,5,0.82,2,medium
L23O,L38I,Z005,0,12,1.66,1,high
L23O,L39O,Z004,0,7,2.29,1,high
L23O,L39O,Z014,0,5,0.94,1,medium
L23O,L39O,Z007,0,12,0.82,4,medium
L23O,L39O,Z002,0,5,1.69,2,high
L23O,L40I,Z013,0,12,1.11,4,medium
L23O,L40I,Z009,0,9,1.08,2,medium
L24I,L25O,Z009,0,9,0.93,3,medium
L24I,L25O,Z007,0,12,0.91,1,medium
L24I,L26I,Z009,0,9,1.11,2,medium
L24I,L26I,Z014,0,5,0.84,3,medium
L24I,L26I,Z010,0,5,1.04,2,medium
L24I,L26I,Z003,0,12,2.14,1,high
L24I,L27O,Z002,0,9,1.66,2,high
L24I,L27O,Z013,0,9,0.89,4,medium
L24I,L28I,Z009,0,5,0.95,2,medium
L24I,L28I,Z005,0,5,1.96,2,high
L24I,L28I,Z013,0,7,0.84,3,medium
L24I,L28I,Z008,0,12,0.94,4,medium
L24I,L29O,Z013,0,5,0.97,1,medium
L24I,L29O,Z008,0,9,1.09,1,medium
L24I,L30I,Z012,0,12,1.14,4,medium
L24I,L30I,Z003,0,12,2.28,1,high
L24I,L30I,Z011,0,12,1.17,3,medium
L24I,L30I,Z006,0,12,1.0,1,medium
L24I,L31O,Z006,0,5,1.05,2,medium
L24I,L31O,Z011,0,7,1.2,3,medium
L24I,L32I,Z003,0,7,1.87,1,high
L24I,L32I,Z005,0,9,1.97,4,high
L24I,L33O,Z014,0,12,1.11,2,medium
L24I,L33O,Z002,0,5,1.87,4,high
L24I,L34I,Z002,0,9,2.22,3,high
L24I,L34I,Z011,0,5,1.01,4,medium
L24I,L34I,Z005,0,5,2.08,2,high
L24I,L35O,Z013,0,5,0.82,2,medium
L24I,L35O,Z006,0,9,1.04,4,medium
L24I,L35O,Z010,0,7,1.17,2,medium
L24I,L36I,Z013,0,12,1.06,4,medium
L24I,L36I,Z010,0,9,0.89,4,medium
L24I,L37O,Z013,0,5,1.0,3,medium
L24I,L37O,Z010,0,9,1.18,1,medium
L24I,L37O,Z012,0,12,0.92,2,medium
L24I,L38I,Z001,0,9,1.88,2,high
L24I,L38I,Z003,0,7,2.15,3,high
L24I,L38I,Z007,0,5,0.97,1,medium
L24I,L38I,Z014,0,7,0.8,3,medium
L24I,L39O,Z001,0,7,1.76,3,high
L24I,L39O,Z011,0,5,1.19,2,medium
L24I,L39O,Z012,0,7,1.18,3,medium
L24I,L40I,Z010,0,9,1.18,3,medium
L24I,L40I,Z014,0,9,0.83,1,medium
L24I,L40I,Z006,0,12,0.85,1,medium
L24I,L40I,Z004,0,5,1.64,2,high
L25O,L26I,Z013,0,7,0.86,4,medium
L25O,L26I,Z014,0,7,1.11,1,medium
L25O,L26I,Z005,0,12,2.11,3,high
L25O,L26I,Z012,0,5,1.04,3,medium
L25O,L27O,Z006,0,12,1.17,2,medium
L25O,L27O,Z002,0,7,2.29,2,high
L25O,L27O,Z013,0,5,1.05,3,medium
L25O,L28I,Z003,0,9,2.35,1,high
L25O,L28I,Z013,0,7,1.15,3,medium
L25O,L28I,Z011,0,12,0.94,3,medium
L25O,L28I,Z005,0,12,1.73,3,high
L25O,L29O,Z006,0,7,0.89,3,medium
L25O,L29O,Z009,0,9,1.19,4,medium
L25O,L29O,Z005,0,9,2.3,4,high
L25O,L30I,Z007,0,5,0.86,1,medium
L25O,L30I,Z011,0,12,1.07,1,medium
L25O,L30I,Z004,0,7,1.97,1,high
L25O,L31O,Z014,0,12,0.95,4,medium
L25O,L31O,Z006,0,12,1.19,2,medium
L25O,L31O,Z003,0,7,1.81,4,high
L25O,L31O,Z001,0,7,2.01,1,high
L25O,L32I,Z011,0,7,1.03,2,medium
L25O,L32I,Z013,0,12,1.02,4,medium
L25O,L33O,Z004,0,9,2.04,4,high
L25O,L33O,Z009,0,9,1.08,3,medium
L25O,L33O,Z014,0,5,0.92,2,medium
L25O,L34I,Z011,0,12,1.1,4,medium
L25O,L34I,Z014,0,7,0.96,3,medium
L25O,L35O,Z001,0,7,1.84,1,high
L25O,L35O,Z014,0,5,1.13,3,medium
L25O,L35O,Z010,0,12,1.09,2,medium
L25O,L36I,Z001,0,5,1.73,1,high
L25O,L36I,Z008,0,9,1.12,2,medium
L25O,L36I,Z010,0,9,0.99,2,medium
L25O,L36I,Z004,0,5,1.94,4,high
L25O,L37O,Z001,0,5,2.09,3,high
L25O,L37O,Z014,0,5,0.88,1,medium
L25O,L38I,Z002,0,5,2.09,4,high
L25O,L38I,Z009,0,12,0.92,2,medium
L25O,L39O,Z002,0,12,2.09,2,high
L25O,L39O,Z006,0,7,1.07,1,medium
L25O,L40I,Z009,0,7,1.09,1,medium
L25O,L40I,Z008,0,5,1.03,2,medium
L26I,L27O,Z002,0,9,2.06,2,high
L26I,L27O,Z004,0,5,1.73,4,high
L26I,L27O,Z006,0,5,0.95,4,medium
L26I,L28I,Z001,0,9,1.91,2,high
L26I,L28I,Z002,0,7,1.66,1,high
L26I,L28I,Z006,0,9,1.08,4,medium
L26I,L29O,Z009,0,9,1.04,1,medium
L26I,L29O,Z005,0,12,2.29,4,high
L26I,L29O,Z013,0,9,0.91,4,medium
L26I,L29O,Z002,0,7,1.81,1,high
L26I,L30I,Z011,0,5,1.18,3,medium
L26I,L30I,Z003,0,12,1.85,2,high
L26I,L30I,Z002,0,9,1.89,1,high
L26I,L31O,Z007,0,5,1.12,3,medium
L26I,L31O,Z001,0,5,2.2,2,high
L26I,L32I,Z006,0,12,0.82,4,medium
L26I,L32I,Z003,0,9,2.28,4,high
L26I,L32I,Z011,0,9,1.17,3,medium
L26I,L33O,Z006,0,5,0.86,4,medium
L26I,L33O,Z010,0,5,0.89,2,medium
L26I,L33O,Z001,0,12,2.05,1,high
L26I,L34I,Z014,0,12,0.98,3,medium
L26I,L34I,Z011,0,5,0.9,1,medium
L26I,L35O,Z005,0,7,1.71,4,high
L26I,L35O,Z012,0,7,0.91,3,medium
L26I,L35O,Z009,0,5,0.84,2,medium
L26I,L36I,Z006,0,7,1.06,3,medium
L26I,L36I,Z001,0,9,1.67,2,high
L26I,L37O,Z002,0,5,2.25,2,high
L26I,L37O,Z006,0,5,1.03,2,medium
L26I,L38I,Z001,0,5,2.34,3,high
L26I,L38I,Z006,0,9,1.07,2,medium
L26I,L38I,Z005,0,7,1.99,2,high
L26I,L38I,Z011,0,5,1.16,2,medium
L26I,L39O,Z002,0,5,2.13,1,high
L26I,L39O,Z005,0,5,1.9,2,high
L26I,L39O,Z003,0,5,1.77,4,high
L26I,L40I,Z002,0,5,1.73,3,high
L26I,L40I,Z009,0,9,1.03,3,medium
L27O,L28I,Z001,0,9,2.1,3,high
L27O,L28I,Z003,0,12,1.61,1,high
L27O,L29O,Z004,0,5,1.76,2,high
L27O,L29O,Z012,0,5,0.91,3,medium
L27O,L29O,Z008,0,9,0.95,2,medium
L27O,L29O,Z009,0,5,0.97,1,medium
L27O,L30I,Z001,0,5,1.83,2,high
L27O,L30I,Z004,0,9,1.84,1,high
L27O,L31O,Z008,0,5,0.92,4,medium
L27O,L31O,Z009,0,5,1.2,2,medium
L27O,L32I,Z001,0,9,2.15,3,high
L27O,L32I,Z013,0,9,0.98,2,medium
L27O,L32I,Z008,0,7,0.9,3,medium
L27O,L33O,Z013,0,9,0.96,4,medium
L27O,L33O,Z009,0,5,1.01,3,medium
L27O,L34I,Z003,0,9,2.02,4,high
L27O,L34I,Z004,0,12,1.87,3,high
L27O,L34I,Z008,0,5,1.03,3,medium
L27O,L35O,Z008,0,12,1.07,3,medium
L27O,L35O,Z006,0,7,0.88,4,medium
L27O,L35O,Z013,0,12,1.12,1,medium
L27O,L35O,Z005,0,9,1.99,2,high
L27O,L36I,Z006,0,7,0.99,3,medium
L27O,L36I,Z004,0,7,1.94,1,high
L27O,L37O,Z003,0,7,2.23,2,high
L27O,L37O,Z006,0,12,1.02,4,medium
L27O,L37O,Z002,0,5,2.4,2,high
L27O,L37O,Z013,0,5,1.14,3,medium
L27O,L38I,Z001,0,12,1.92,4,high
L27O,L38I,Z004,0,12,1.7,4,high
L27O,L38I,Z013,0,12,1.03,2,medium
L27O,L38I,Z007,0,12,1.12,4,medium
L27O,L39O,Z009,0,5,1.07,4,medium
L27O,L39O,Z007,0,9,0.84,3,medium
L27O,L39O,Z003,0,5,2.16,1,high
L27O,L40I,Z007,0,12,1.09,3,medium
L27O,L40I,Z010,0,12,1.01,3,medium
L28I,L29O,Z010,0,5,0.85,1,medium
L28I,L29O,Z001,0,7,1.7,1,high
L28I,L30I,Z007,0,9,1.17,1,medium
L28I,L30I,Z011,0,9,1.16,4,medium
L28I,L31O,Z007,0,9,1.08,4,medium
L28I,L31O,Z002,0,12,1.89,4,high
L28I,L31O,Z005,0,5,2.38,2,high
L28I,L32I,Z013,0,12,1.05,4,medium
L28I,L32I,Z009,0,7,0.87,1,medium
L28I,L32I,Z005,0,5,2.11,3,high
L28I,L32I,Z002,0,9,2.03,3,high
L28I,L33O,Z001,0,7,1.75,1,high
L28I,L33O,Z005,0,9,1.84,1,high
L28I,L34I,Z011,0,12,0.97,4,medium
L28I,L34I,Z010,0,5,1.18,4,medium
L28I,L34I,Z012,0,12,0.97,3,medium
L28I,L35O,Z001,0,9,1.8,1,high
L28I,L35O,Z011,0,5,0.97,2,medium
L28I,L36I,Z012,0,5,1.01,1,medium
L28I,L36I,Z014,0,12,1.18,2,medium
L28I,L36I,Z001,0,12,1.82,3,high
L28I,L36I,Z011,0,7,0.91,3,medium
L28I,L37O,Z012,0,12,0.87,4,medium
L28I,L37O,Z006,0,9,1.16,4,medium
L28I,L37O,Z014,0,7,0.87,4,medium
L28I,L38I,Z009,0,7,1.16,3,medium
L28I,L38I,Z014,0,5,0.87,1,medium
L28I,L39O,Z005,0,9,2.12,2,high
L28I,L39O,Z011,0,9,0.83,1,medium
L28I,L39O,Z012,0,9,0.84,3,medium
L28I,L40I,Z004,0,12,2.35,1,high
L28I,L40I,Z009,0,9,1.15,1,medium
L28I,L40I,Z001,0,12,2.36,1,high
L29O,L30I,Z013,0,9,0.83,2,medium
L29O,L30I,Z005,0,7,1.98,2,high
L29O,L30I,Z006,0,12,0.91,3,medium
L29O,L31O,Z009,0,7,1.08,2,medium
L29O,L31O,Z004,0,9,1.95,3,high
L29O,L32I,Z001,0,7,1.64,1,high
L29O,L32I,Z012,0,12,0.87,1,medium
L29O,L33O,Z004,0,12,1.92,1,high
L29O,L33O,Z002,0,7,1.66,4,high
L29O,L34I,Z008,0,9,1.0,3,medium
L29O,L34I,Z006,0,9,1.05,2,medium
L29O,L34I,Z011,0,9,0.86,1,medium
L29O,L34I,Z014,0,12,1.07,1,medium
L29O,L35O,Z005,0,5,2.16,1,high
L29O,L35O,Z011,0,12,0.85,2,medium
L29O,L36I,Z010,0,7,1.04,2,medium
L29O,L36I,Z005,0,7,2.18,3,high
L29O,L36I,Z007,0,7,0.97,4,medium
L29O,L37O,Z012,0,9,0.93,4,medium
L29O,L37O,Z007,0,12,1.03,3,medium
L29O,L38I,Z001,0,5,2.2,3,high
L29O,L38I,Z005,0,9,2.13,1,high
L29O,L38I,Z003,0,12,2.06,3,high
L29O,L38I,Z012,0,9,0.81,1,medium
L29O,L39O,Z001,0,12,1.94,1,high
L29O,L39O,Z005,0,7,2.22,1,high
L29O,L39O,Z004,0,5,2.1,1,high
L29O,L40I,Z010,0,7,0.93,1,medium
L29O,L40I,Z007,0,12,1.19,3,medium
L29O,L40I,Z005,0,12,1.88,1,high
L30I,L31O,Z013,0,5,1.17,4,medium
L30I,L31O,Z003,0,5,1.84,4,high
L30I,L31O,Z002,0,5,1.75,4,high
L30I,L32I,Z011,0,5,1.07,2,medium
L30I,L32I,Z006,0,5,0.94,2,medium
L30I,L33O,Z007,0,5,0.97,2,medium
L30I,L33O,Z001,0,5,2.29,1,high
L30I,L33O,Z012,0,5,0.96,1,medium
L30I,L33O,Z004,0,7,2.27,2,high
L30I,L34I,Z011,0,7,0.98,3,medium
L30I,L34I,Z007,0,9,1.14,1,medium
L30I,L35O,Z006,0,7,0.95,4,medium
L30I,L35O,Z012,0,12,1.05,1,medium
L30I,L35O,Z013,0,12,1.14,4,medium
L30I,L35O,Z001,0,12,1.98,1,high
L30I,L36I,Z005,0,5,2.35,1,high
L30I,L36I,Z014,0,12,1.01,4,medium
L30I,L36I,Z012,0,7,0.83,3,medium
L30I,L37O,Z003,0,9,2.04,1,high
L30I,L37O,Z008,0,7,0.95,1,medium
L30I,L38I,Z005,0,7,1.75,1,high
L30I,L38I,Z010,0,12,0.85,2,medium
L30I,L38I,Z006,0,12,0.81,1,medium
L30I,L39O,Z004,0,5,2.27,4,high
L30I,L39O,Z008,0,9,1.15,1,medium
L30I,L40I,Z004,0,5,1.91,4,high
L30I,L40I,Z003,0,7,1.84,2,high
L30I,L40I,Z014,0,5,0.96,2,medium
L31O,L32I,Z003,0,12,1.6,4,high
L31O,L32I,Z004,0,9,2.0,1,high
L31O,L32I,Z001,0,9,1.65,2,high
L31O,L33O,Z012,0,9,0.94,2,medium
L31O,L33O,Z014,0,7,0.98,4,medium
L31O,L33O,Z002,0,5,1.84,4,high
L31O,L33O,Z006,0,7,0.99,3,medium
L31O,L34I,Z011,0,9,0.8,2,medium
L31O,L34I,Z014,0,7,0.84,4,medium
L31O,L35O,Z008,0,12,0.95,4,medium
L31O,L35O,Z004,0,7,1.68,1,high
L31O,L36I,Z001,0,9,2.15,3,high
L31O,L36I,Z010,0,12,0.88,4,medium
L31O,L36I,Z011,0,9,0.88,4,medium
L31O,L36I,Z006,0,5,0.88,1,medium
L31O,L37O,Z005,0,12,1.7,4,high
L31O,L37O,Z012,0,9,0.82,3,medium
L31O,L37O,Z010,0,12,1.2,1,medium
L31O,L37O,Z001,0,12,1.7,3,high
L31O,L38I,Z004,0,12,1.64,1,high
L31O,L38I,Z003,0,5,1.78,3,high
L31O,L38I,Z009,0,12,1.03,3,medium
L31O,L39O,Z007,0,12,1.04,3,medium
L31O,L39O,Z010,0,12,0.81,2,medium
L31O,L40I,Z008,0,9,1.04,3,medium
L31O,L40I,Z012,0,9,1.06,4,medium
L32I,L33O,Z001,0,7,1.89,4,high
L32I,L33O,Z013,0,7,1.16,4,medium
L32I,L33O,Z009,0,9,0.81,2,medium
L32I,L33O,Z007,0,12,1.13,4,medium
L32I,L34I,Z012,0,5,0.87,4,medium
L32I,L34I,Z013,0,12,0.99,1,medium
L32I,L34I,Z002,0,9,1.61,3,high
L32I,L35O,Z006,0,5,0.84,1,medium
L32I,L35O,Z010,0,5,0.81,2,medium
L32I,L36I,Z013,0,7,1.02,2,medium
L32I,L36I,Z005,0,5,2.35,3,high
L32I,L36I,Z003,0,12,2.03,1,high
L32I,L36I,Z012,0,9,1.08,3,medium
L32I,L37O,Z001,0,5,2.15,4,high
L32I,L37O,Z014,0,12,0.9,2,medium
L32I,L37O,Z003,0,5,2.05,1,high
L32I,L38I,Z003,0,12,1.96,3,high
L32I,L38I,Z009,0,5,1.16,4,medium
L32I,L39O,Z010,0,5,1.15,2,medium
L32I,L39O,Z012,0,9,1.08,2,medium
L32I,L40I,Z003,0,9,1.73,2,high
L32I,L40I,Z006,0,7,0.83,2,medium
L32I,L40I,Z004,0,7,1.83,3,high
L32I,L40I,Z010,0,5,0.85,4,medium
L33O,L34I,Z014,0,9,0.86,4,medium
L33O,L34I,Z004,0,7,1.7,1,high
L33O,L34I,Z010,0,9,0.88,4,medium
L33O,L34I,Z003,0,9,2.23,2,high
L33O,L35O,Z012,0,7,0.88,4,medium
L33O,L35O,Z003,0,5,1.85,3,high
L33O,L35O,Z014,0,7,1.12,2,medium
L33O,L35O,Z008,0,7,0.87,4,medium
L33O,L36I,Z004,0,9,1.86,4,high
L33O,L36I,Z010,0,12,1.07,4,medium
L33O,L36I,Z003,0,12,1.77,2,high
L33O,L36I,Z001,0,7,1.82,3,high
L33O,L37O,Z007,0,7,1.19,4,medium
L33O,L37O,Z004,0,7,1.99,1,high
L33O,L37O,Z006,0,12,1.04,1,medium
L33O,L38I,Z008,0,12,1.03,3,medium
L33O,L38I,Z005,0,5,2.16,3,high
L33O,L38I,Z007,0,7,0.81,2,medium
L33O,L38I,Z010,0,7,0.91,4,medium
L33O,L39O,Z004,0,5,2.21,4,high
L33O,L39O,Z008,0,9,1.14,2,medium
L33O,L39O,Z006,0,12,1.03,2,medium
L33O,L39O,Z012,0,7,1.12,3,medium
L33O,L40I,Z001,0,12,1.94,1,high
L33O,L40I,Z011,0,12,0.92,2,medium
L34I,L35O,Z001,0,9,1.63,3,high
L34I,L35O,Z006,0,12,0.96,1,medium
L34I,L35O,Z014,0,9,1.08,1,medium
L34I,L36I,Z002,0,5,1.9,3,high
L34I,L36I,Z011,0,9,1.09,1,medium
L34I,L36I,Z006,0,7,0.85,4,medium
L34I,L37O,Z006,0,9,1.0,4,medium
L34I,L37O,Z002,0,9,2.25,1,high
L34I,L37O,Z004,0,9,2.33,2,high
L34I,L37O,Z008,0,12,0.9,4,medium
L34I,L38I,Z009,0,5,1.16,3,medium
L34I,L38I,Z002,0,12,1.82,3,high
L34I,L39O,Z003,0,12,2.15,2,high
L34I,L39O,Z011,0,5,1.14,3,medium
L34I,L39O,Z009,0,5,1.17,2,medium
L34I,L39O,Z010,0,12,1.08,3,medium
L34I,L40I,Z001,0,5,1.63,4,high
L34I,L40I,Z006,0,7,0.89,2,medium
L34I,L40I,Z003,0,9,1.71,3,high
L34I,L40I,Z014,0,12,1.16,3,medium
L35O,L36I,Z012,0,7,1.05,2,medium
L35O,L36I,Z008,0,12,1.19,3,medium
L35O,L37O,Z004,0,12,2.14,1,high
L35O,L37O,Z005,0,12,1.94,2,high
L35O,L38I,Z004,0,9,2.16,3,high
L35O,L38I,Z007,0,12,0.85,3,medium
L35O,L39O,Z014,0,12,1.03,4,medium
L35O,L39O,Z006,0,5,0.89,3,medium
L35O,L40I,Z013,0,7,0.96,3,medium
L35O,L40I,Z008,0,5,0.82,2,medium
L35O,L40I,Z001,0,9,1.68,3,high
L35O,L40I,Z007,0,12,0.84,4,medium
L36I,L37O,Z014,0,12,0.88,3,medium
L36I,L37O,Z004,0,12,1.66,3,high
L36I,L37O,Z010,0,12,0.81,2,medium
L36I,L37O,Z008,0,7,0.88,4,medium
L36I,L38I,Z004,0,5,2.35,2,high
L36I,L38I,Z009,0,5,1.08,1,medium
L36I,L38I,Z012,0,7,0.84,3,medium
L36I,L39O,Z001,0,7,1.88,3,high
L36I,L39O,Z004,0,7,1.61,3,high
L36I,L39O,Z014,0,12,0.84,3,medium
L36I,L40I,Z007,0,7,0.85,1,medium
L36I,L40I,Z008,0,7,0.86,1,medium
L37O,L38I,Z002,0,5,1.76,2,high
L37O,L38I,Z012,0,5,1.02,1,medium
L37O,L38I,Z013,0,7,1.06,4,medium
L37O,L39O,Z008,0,9,1.12,2,medium
L37O,L39O,Z001,0,12,2.04,4,high
L37O,L39O,Z013,0,9,0.94,1,medium
L37O,L40I,Z007,0,7,1.09,4,medium
L37O,L40I,Z005,0,12,2.18,1,high
L37O,L40I,Z008,0,12,0.84,2,medium
L38I,L39O,Z009,0,12,1.08,4,medium
L38I,L39O,Z010,0,7,1.08,4,medium
L38I,L40I,Z013,0,7,0.92,3,medium
L38I,L40I,Z001,0,12,1.94,4,high
L38I,L40I,Z008,0,7,1.18,2,medium
L39O,L40I,Z008,0,9,1.19,3,medium
L39O,L40I,Z009,0,7,0.98,3,medium
L39O,L40I,Z004,0,5,2.0,2,high
L39O,L40I,Z012,0,5,1.01,2,medium
